solid patch_0_1
 facet normal 0.9980242252349854 0.06279024481773376 0.0022425581701099873
  outer loop
   vertex 0.09921147155761718 0.013010967254638673 -1.0133737182617188
   vertex 0.1 5.680000198481083e-16 -1.0
   vertex 0.1 0.0005095770955085754 -1.014267822265625
  endloop
 endfacet
 facet normal 0.9980242252349854 0.06247028335928917 0.0067162238992750645
  outer loop
   vertex 0.09921147155761718 0.013010967254638673 -1.0133737182617188
   vertex 0.1 0.0005095770955085754 -1.014267822265625
   vertex 0.1 0.0020357115268707275 -1.0284630126953125
  endloop
 endfacet
 facet normal 0.9980242252349854 0.06279025226831436 0.0022425614297389984
  outer loop
   vertex 0.09921147155761718 0.013010967254638673 -1.0133737182617188
   vertex 0.09921147155761718 0.012533323287963867 -1.0
   vertex 0.1 5.680000198481083e-16 -1.0
  endloop
 endfacet
 facet normal 0.9822651743888855 0.18737736344337463 0.006692207884043455
  outer loop
   vertex 0.09685831451416016 0.025315202713012696 -1.0124937133789063
   vertex 0.09685831451416016 0.024868988037109376 -1.0
   vertex 0.09921147155761718 0.012533323287963867 -1.0
  endloop
 endfacet
 facet normal 0.9822651743888855 0.18737734854221344 0.00669220881536603
  outer loop
   vertex 0.09685831451416016 0.025315202713012696 -1.0124937133789063
   vertex 0.09921147155761718 0.012533323287963867 -1.0
   vertex 0.09921147155761718 0.013010967254638673 -1.0133737182617188
  endloop
 endfacet
 facet normal 0.9980241656303406 0.061831966042518616 0.011155749671161175
  outer loop
   vertex 0.09921147155761718 0.014441463470458984 -1.0266793212890626
   vertex 0.1 0.0020357115268707275 -1.0284630126953125
   vertex 0.1 0.004570626735687256 -1.0425130615234375
  endloop
 endfacet
 facet normal 0.9980242252349854 0.06247027963399887 0.006716230418533087
  outer loop
   vertex 0.09921147155761718 0.014441463470458984 -1.0266793212890626
   vertex 0.09921147155761718 0.013010967254638673 -1.0133737182617188
   vertex 0.1 0.0020357115268707275 -1.0284630126953125
  endloop
 endfacet
 facet normal 0.9509986042976379 0.30899831652641296 0.011035898700356483
  outer loop
   vertex 0.09297764587402343 0.03722823715209961 -1.0116416625976563
   vertex 0.09297764587402343 0.036812454223632815 -1.0
   vertex 0.09685831451416016 0.024868988037109376 -1.0
  endloop
 endfacet
 facet normal 0.9509986042976379 0.30899831652641296 0.011035928502678871
  outer loop
   vertex 0.09297764587402343 0.03722823715209961 -1.0116416625976563
   vertex 0.09685831451416016 0.024868988037109376 -1.0
   vertex 0.09685831451416016 0.025315202713012696 -1.0124937133789063
  endloop
 endfacet
 facet normal 0.9822651743888855 0.18642252683639526 0.020042557269334793
  outer loop
   vertex 0.09685831451416016 0.026651569366455078 -1.0249237060546874
   vertex 0.09685831451416016 0.025315202713012696 -1.0124937133789063
   vertex 0.09921147155761718 0.013010967254638673 -1.0133737182617188
  endloop
 endfacet
 facet normal 0.9822652339935303 0.1864224225282669 0.020042438060045242
  outer loop
   vertex 0.09685831451416016 0.026651569366455078 -1.0249237060546874
   vertex 0.09921147155761718 0.013010967254638673 -1.0133737182617188
   vertex 0.09921147155761718 0.014441463470458984 -1.0266793212890626
  endloop
 endfacet
 facet normal 0.9980242252349854 0.061831943690776825 0.01115576270967722
  outer loop
   vertex 0.09921147155761718 0.01681752395629883 -1.0398488769531251
   vertex 0.09921147155761718 0.014441463470458984 -1.0266793212890626
   vertex 0.1 0.004570626735687256 -1.0425130615234375
  endloop
 endfacet
 facet normal 0.9822651743888855 0.1845175176858902 0.03329078108072281
  outer loop
   vertex 0.09921147155761718 0.01681752395629883 -1.0398488769531251
   vertex 0.09685831451416016 0.026651569366455078 -1.0249237060546874
   vertex 0.09921147155761718 0.014441463470458984 -1.0266793212890626
  endloop
 endfacet
 facet normal 0.9047225713729858 0.42572975158691406 0.015204871073365211
  outer loop
   vertex 0.08763066864013672 0.04856219863891602 -1.0108310546875001
   vertex 0.08763066864013672 0.04817536926269531 -1.0
   vertex 0.09297764587402343 0.036812454223632815 -1.0
  endloop
 endfacet
 facet normal 0.9047225117683411 0.4257298409938812 0.01520498190075159
  outer loop
   vertex 0.08763066864013672 0.04856219863891602 -1.0108310546875001
   vertex 0.09297764587402343 0.036812454223632815 -1.0
   vertex 0.09297764587402343 0.03722823715209961 -1.0116416625976563
  endloop
 endfacet
 facet normal 0.9509985446929932 0.3074236810207367 0.0330515094101429
  outer loop
   vertex 0.09297764587402343 0.03847346878051758 -1.0232239990234375
   vertex 0.09297764587402343 0.03722823715209961 -1.0116416625976563
   vertex 0.09685831451416016 0.025315202713012696 -1.0124937133789063
  endloop
 endfacet
 facet normal 0.9509985446929932 0.3074237108230591 0.03305157646536827
  outer loop
   vertex 0.09297764587402343 0.03847346878051758 -1.0232239990234375
   vertex 0.09685831451416016 0.025315202713012696 -1.0124937133789063
   vertex 0.09685831451416016 0.026651569366455078 -1.0249237060546874
  endloop
 endfacet
 facet normal 0.9822651743888855 0.18451792001724243 0.03329050913453102
  outer loop
   vertex 0.09685831451416016 0.028871280670166016 -1.037226806640625
   vertex 0.09685831451416016 0.026651569366455078 -1.0249237060546874
   vertex 0.09921147155761718 0.01681752395629883 -1.0398488769531251
  endloop
 endfacet
 facet normal 0.9980242252349854 0.06087851896882057 0.015538268722593784
  outer loop
   vertex 0.09921147155761718 0.02012704086303711 -1.0528154296875
   vertex 0.1 0.004570626735687256 -1.0425130615234375
   vertex 0.1 0.008101405143737793 -1.0563465576171875
  endloop
 endfacet
 facet normal 0.9980242848396301 0.059614863246679306 0.019841814413666725
  outer loop
   vertex 0.09921147155761718 0.02012704086303711 -1.0528154296875
   vertex 0.1 0.008101405143737793 -1.0563465576171875
   vertex 0.1 0.012610054969787598 -1.069892822265625
  endloop
 endfacet
 facet normal 0.9980242252349854 0.06087856739759445 0.015538335777819157
  outer loop
   vertex 0.09921147155761718 0.02012704086303711 -1.0528154296875
   vertex 0.09921147155761718 0.01681752395629883 -1.0398488769531251
   vertex 0.1 0.004570626735687256 -1.0425130615234375
  endloop
 endfacet
 facet normal 0.7703136205673218 0.6372588872909546 0.022759556770324707
  outer loop
   vertex 0.08090170288085938 0.05913833999633789 -1.0100746459960939
   vertex 0.07289686584472656 0.06845471191406251 -1.0
   vertex 0.08090170288085938 0.058778526306152344 -1.0
  endloop
 endfacet
 facet normal 0.8441734313964844 0.5357285141944885 0.019133422523736954
  outer loop
   vertex 0.08090170288085938 0.05913833999633789 -1.0100746459960939
   vertex 0.08090170288085938 0.058778526306152344 -1.0
   vertex 0.08763066864013672 0.04817536926269531 -1.0
  endloop
 endfacet
 facet normal 0.8441734313964844 0.5357285737991333 0.019133439287543297
  outer loop
   vertex 0.08090170288085938 0.05913833999633789 -1.0100746459960939
   vertex 0.08763066864013672 0.04817536926269531 -1.0
   vertex 0.08763066864013672 0.04856219863891602 -1.0108310546875001
  endloop
 endfacet
 facet normal 0.9047225713729858 0.4235604703426361 0.045537590980529785
  outer loop
   vertex 0.08763066864013672 0.049720722198486327 -1.0216068725585938
   vertex 0.08763066864013672 0.04856219863891602 -1.0108310546875001
   vertex 0.09297764587402343 0.03722823715209961 -1.0116416625976563
  endloop
 endfacet
 facet normal 0.9047226309776306 0.42356041073799133 0.045537520200014114
  outer loop
   vertex 0.08763066864013672 0.049720722198486327 -1.0216068725585938
   vertex 0.09297764587402343 0.03722823715209961 -1.0116416625976563
   vertex 0.09297764587402343 0.03847346878051758 -1.0232239990234375
  endloop
 endfacet
 facet normal 0.9047225713729858 0.4192326068878174 0.07563793659210205
  outer loop
   vertex 0.09297764587402343 0.04054180145263672 -1.03468798828125
   vertex 0.08763066864013672 0.049720722198486327 -1.0216068725585938
   vertex 0.09297764587402343 0.03847346878051758 -1.0232239990234375
  endloop
 endfacet
 facet normal 0.9509986639022827 0.30428239703178406 0.054898276925086975
  outer loop
   vertex 0.09297764587402343 0.04054180145263672 -1.03468798828125
   vertex 0.09685831451416016 0.026651569366455078 -1.0249237060546874
   vertex 0.09685831451416016 0.028871280670166016 -1.037226806640625
  endloop
 endfacet
 facet normal 0.9509985446929932 0.30428260564804077 0.054898668080568314
  outer loop
   vertex 0.09297764587402343 0.04054180145263672 -1.03468798828125
   vertex 0.09297764587402343 0.03847346878051758 -1.0232239990234375
   vertex 0.09685831451416016 0.026651569366455078 -1.0249237060546874
  endloop
 endfacet
 facet normal 0.9822652339935303 0.18167272210121155 0.04636920616030693
  outer loop
   vertex 0.09685831451416016 0.03196302604675293 -1.049340087890625
   vertex 0.09921147155761718 0.01681752395629883 -1.0398488769531251
   vertex 0.09921147155761718 0.02012704086303711 -1.0528154296875
  endloop
 endfacet
 facet normal 0.9822651743888855 0.1816728413105011 0.04636944830417633
  outer loop
   vertex 0.09685831451416016 0.03196302604675293 -1.049340087890625
   vertex 0.09685831451416016 0.028871280670166016 -1.037226806640625
   vertex 0.09921147155761718 0.01681752395629883 -1.0398488769531251
  endloop
 endfacet
 facet normal 0.9980242252349854 0.059615135192871094 0.019841689616441727
  outer loop
   vertex 0.09921147155761718 0.0243531494140625 -1.065512939453125
   vertex 0.09921147155761718 0.02012704086303711 -1.0528154296875
   vertex 0.1 0.012610054969787598 -1.069892822265625
  endloop
 endfacet
 facet normal 0.7703136205673218 0.6372588872909546 0.022759541869163513
  outer loop
   vertex 0.07289686584472656 0.06878987121582031 -1.0093843383789063
   vertex 0.07289686584472656 0.06845471191406251 -1.0
   vertex 0.08090170288085938 0.05913833999633789 -1.0100746459960939
  endloop
 endfacet
 facet normal 0.8441734910011292 0.5329985618591309 0.05730346590280533
  outer loop
   vertex 0.08090170288085938 0.060215957641601564 -1.020097900390625
   vertex 0.08763066864013672 0.04856219863891602 -1.0108310546875001
   vertex 0.08763066864013672 0.049720722198486327 -1.0216068725585938
  endloop
 endfacet
 facet normal 0.8441734313964844 0.5329986214637756 0.05730361491441727
  outer loop
   vertex 0.08090170288085938 0.060215957641601564 -1.020097900390625
   vertex 0.08090170288085938 0.05913833999633789 -1.0100746459960939
   vertex 0.08763066864013672 0.04856219863891602 -1.0108310546875001
  endloop
 endfacet
 facet normal 0.9047223329544067 0.4192332327365875 0.07563738524913788
  outer loop
   vertex 0.08763066864013672 0.05164503479003906 -1.032272705078125
   vertex 0.08763066864013672 0.049720722198486327 -1.0216068725585938
   vertex 0.09297764587402343 0.04054180145263672 -1.03468798828125
  endloop
 endfacet
 facet normal 0.8441734910011292 0.5275526642799377 0.0951802209019661
  outer loop
   vertex 0.08763066864013672 0.05164503479003906 -1.032272705078125
   vertex 0.08090170288085938 0.060215957641601564 -1.020097900390625
   vertex 0.08763066864013672 0.049720722198486327 -1.0216068725585938
  endloop
 endfacet
 facet normal 0.9509987235069275 0.299590528011322 0.07646601647138596
  outer loop
   vertex 0.09297764587402343 0.043422698974609375 -1.0459752197265626
   vertex 0.09297764587402343 0.04054180145263672 -1.03468798828125
   vertex 0.09685831451416016 0.028871280670166016 -1.037226806640625
  endloop
 endfacet
 facet normal 0.9509985446929932 0.29959067702293396 0.07646632194519043
  outer loop
   vertex 0.09297764587402343 0.043422698974609375 -1.0459752197265626
   vertex 0.09685831451416016 0.028871280670166016 -1.037226806640625
   vertex 0.09685831451416016 0.03196302604675293 -1.049340087890625
  endloop
 endfacet
 facet normal 0.9822652339935303 0.17790193855762482 0.059211309999227524
  outer loop
   vertex 0.09685831451416016 0.035911048889160156 -1.0612020263671875
   vertex 0.09685831451416016 0.03196302604675293 -1.049340087890625
   vertex 0.09921147155761718 0.02012704086303711 -1.0528154296875
  endloop
 endfacet
 facet normal 0.982265293598175 0.17790178954601288 0.05921100825071335
  outer loop
   vertex 0.09685831451416016 0.035911048889160156 -1.0612020263671875
   vertex 0.09921147155761718 0.02012704086303711 -1.0528154296875
   vertex 0.09921147155761718 0.0243531494140625 -1.065512939453125
  endloop
 endfacet
 facet normal 0.9980241656303406 0.05804768577218056 0.024044254794716835
  outer loop
   vertex 0.09921147155761718 0.029474313735961915 -1.07787646484375
   vertex 0.09921147155761718 0.0243531494140625 -1.065512939453125
   vertex 0.1 0.012610054969787598 -1.069892822265625
  endloop
 endfacet
 facet normal 0.9980242252349854 0.05804760381579399 0.024044064804911613
  outer loop
   vertex 0.09921147155761718 0.029474313735961915 -1.07787646484375
   vertex 0.1 0.012610054969787598 -1.069892822265625
   vertex 0.1 0.01807360076904297 -1.0830830078125
  endloop
 endfacet
 facet normal 0.9822652339935303 0.17322413623332977 0.07175213098526001
  outer loop
   vertex 0.09921147155761718 0.029474313735961915 -1.07787646484375
   vertex 0.09685831451416016 0.035911048889160156 -1.0612020263671875
   vertex 0.09921147155761718 0.0243531494140625 -1.065512939453125
  endloop
 endfacet
 facet normal 0.5875402092933655 0.8086794018745422 0.028882412239909172
  outer loop
   vertex 0.06374239730834962 0.07736458587646484 -1.0087710571289064
   vertex 0.05358267974853516 0.08443279266357422 -1.0
   vertex 0.06374239730834962 0.07705132293701172 -1.0
  endloop
 endfacet
 facet normal 0.6843149662017822 0.7287219762802124 0.026026690378785133
  outer loop
   vertex 0.06374239730834962 0.07736458587646484 -1.0087710571289064
   vertex 0.06374239730834962 0.07705132293701172 -1.0
   vertex 0.07289686584472656 0.06845471191406251 -1.0
  endloop
 endfacet
 facet normal 0.6843152046203613 0.7287217378616333 0.026026127859950066
  outer loop
   vertex 0.06374239730834962 0.07736458587646484 -1.0087710571289064
   vertex 0.07289686584472656 0.06845471191406251 -1.0
   vertex 0.07289686584472656 0.06878987121582031 -1.0093843383789063
  endloop
 endfacet
 facet normal 0.7703137397766113 0.6340113878250122 0.06816366314888
  outer loop
   vertex 0.07289686584472656 0.06979365539550782 -1.0187208251953126
   vertex 0.08090170288085938 0.05913833999633789 -1.0100746459960939
   vertex 0.08090170288085938 0.060215957641601564 -1.020097900390625
  endloop
 endfacet
 facet normal 0.7703137397766113 0.634011447429657 0.06816382706165314
  outer loop
   vertex 0.07289686584472656 0.06979365539550782 -1.0187208251953126
   vertex 0.07289686584472656 0.06878987121582031 -1.0093843383789063
   vertex 0.08090170288085938 0.05913833999633789 -1.0100746459960939
  endloop
 endfacet
 facet normal 0.8441736698150635 0.5275523066520691 0.09518058598041534
  outer loop
   vertex 0.08090170288085938 0.06200587844848633 -1.030018798828125
   vertex 0.08090170288085938 0.060215957641601564 -1.020097900390625
   vertex 0.08763066864013672 0.05164503479003906 -1.032272705078125
  endloop
 endfacet
 facet normal 0.7703137993812561 0.6275333762168884 0.11321908235549927
  outer loop
   vertex 0.08090170288085938 0.06200587844848633 -1.030018798828125
   vertex 0.07289686584472656 0.06979365539550782 -1.0187208251953126
   vertex 0.08090170288085938 0.060215957641601564 -1.020097900390625
  endloop
 endfacet
 facet normal 0.9047225117683411 0.4127686023712158 0.10535301268100739
  outer loop
   vertex 0.08763066864013672 0.05432533264160156 -1.04277392578125
   vertex 0.09297764587402343 0.04054180145263672 -1.03468798828125
   vertex 0.09297764587402343 0.043422698974609375 -1.0459752197265626
  endloop
 endfacet
 facet normal 0.844173789024353 0.5194177031517029 0.13257451355457306
  outer loop
   vertex 0.08763066864013672 0.05432533264160156 -1.04277392578125
   vertex 0.08090170288085938 0.06200587844848633 -1.030018798828125
   vertex 0.08763066864013672 0.05164503479003906 -1.032272705078125
  endloop
 endfacet
 facet normal 0.904722273349762 0.4127689599990845 0.10535382479429245
  outer loop
   vertex 0.08763066864013672 0.05432533264160156 -1.04277392578125
   vertex 0.08763066864013672 0.05164503479003906 -1.032272705078125
   vertex 0.09297764587402343 0.04054180145263672 -1.03468798828125
  endloop
 endfacet
 facet normal 0.9047225117683411 0.4042012393474579 0.13453076779842377
  outer loop
   vertex 0.09297764587402343 0.04710147476196289 -1.0570281982421874
   vertex 0.08763066864013672 0.05432533264160156 -1.04277392578125
   vertex 0.09297764587402343 0.043422698974609375 -1.0459752197265626
  endloop
 endfacet
 facet normal 0.9509986042976379 0.2933725118637085 0.09764350950717926
  outer loop
   vertex 0.09297764587402343 0.04710147476196289 -1.0570281982421874
   vertex 0.09297764587402343 0.043422698974609375 -1.0459752197265626
   vertex 0.09685831451416016 0.03196302604675293 -1.049340087890625
  endloop
 endfacet
 facet normal 0.9509986042976379 0.2933725118637085 0.09764351695775986
  outer loop
   vertex 0.09297764587402343 0.04710147476196289 -1.0570281982421874
   vertex 0.09685831451416016 0.03196302604675293 -1.049340087890625
   vertex 0.09685831451416016 0.035911048889160156 -1.0612020263671875
  endloop
 endfacet
 facet normal 0.9822651743888855 0.17322468757629395 0.0717519074678421
  outer loop
   vertex 0.09685831451416016 0.04069522857666016 -1.0727520751953126
   vertex 0.09685831451416016 0.035911048889160156 -1.0612020263671875
   vertex 0.09921147155761718 0.029474313735961915 -1.07787646484375
  endloop
 endfacet
 facet normal 0.9509986042976379 0.28565916419029236 0.11832372844219208
  outer loop
   vertex 0.09685831451416016 0.04069522857666016 -1.0727520751953126
   vertex 0.09297764587402343 0.04710147476196289 -1.0570281982421874
   vertex 0.09685831451416016 0.035911048889160156 -1.0612020263671875
  endloop
 endfacet
 facet normal 0.9980242252349854 0.05618446320295334 0.028123829513788223
  outer loop
   vertex 0.09921147155761718 0.03546443557739258 -1.0898432617187501
   vertex 0.1 0.01807360076904297 -1.0830830078125
   vertex 0.1 0.024464202880859376 -1.095849853515625
  endloop
 endfacet
 facet normal 0.9980242252349854 0.056184444576501846 0.02812378853559494
  outer loop
   vertex 0.09921147155761718 0.03546443557739258 -1.0898432617187501
   vertex 0.09921147155761718 0.029474313735961915 -1.07787646484375
   vertex 0.1 0.01807360076904297 -1.0830830078125
  endloop
 endfacet
 facet normal 0.5875399112701416 0.8086796402931213 0.028881844133138657
  outer loop
   vertex 0.05358267974853516 0.08472724151611329 -1.0082444458007813
   vertex 0.05358267974853516 0.08443279266357422 -1.0
   vertex 0.06374239730834962 0.07736458587646484 -1.0087710571289064
  endloop
 endfacet
 facet normal 0.6843152642250061 0.7250083088874817 0.07794614136219025
  outer loop
   vertex 0.06374239730834962 0.07830276489257813 -1.0174974365234375
   vertex 0.06374239730834962 0.07736458587646484 -1.0087710571289064
   vertex 0.07289686584472656 0.06878987121582031 -1.0093843383789063
  endloop
 endfacet
 facet normal 0.6843147277832031 0.7250087261199951 0.07794711738824844
  outer loop
   vertex 0.06374239730834962 0.07830276489257813 -1.0174974365234375
   vertex 0.07289686584472656 0.06878987121582031 -1.0093843383789063
   vertex 0.07289686584472656 0.06979365539550782 -1.0187208251953126
  endloop
 endfacet
 facet normal 0.7703139185905457 0.6275331377983093 0.11321934312582016
  outer loop
   vertex 0.07289686584472656 0.07146092987060547 -1.0279619140625
   vertex 0.07289686584472656 0.06979365539550782 -1.0187208251953126
   vertex 0.08090170288085938 0.06200587844848633 -1.030018798828125
  endloop
 endfacet
 facet normal 0.8441729545593262 0.5194191932678223 0.132573202252388
  outer loop
   vertex 0.08090170288085938 0.06449898529052735 -1.0397867431640626
   vertex 0.08090170288085938 0.06200587844848633 -1.030018798828125
   vertex 0.08763066864013672 0.05432533264160156 -1.04277392578125
  endloop
 endfacet
 facet normal 0.9047225713729858 0.4042009115219116 0.1345309615135193
  outer loop
   vertex 0.08763066864013672 0.05774795150756836 -1.0530572509765626
   vertex 0.08763066864013672 0.05432533264160156 -1.04277392578125
   vertex 0.09297764587402343 0.04710147476196289 -1.0570281982421874
  endloop
 endfacet
 facet normal 0.9509986639022827 0.28565865755081177 0.11832394450902939
  outer loop
   vertex 0.09297764587402343 0.05155938720703125 -1.06779052734375
   vertex 0.09297764587402343 0.04710147476196289 -1.0570281982421874
   vertex 0.09685831451416016 0.04069522857666016 -1.0727520751953126
  endloop
 endfacet
 facet normal 0.9822651743888855 0.16766461730003357 0.08392682671546936
  outer loop
   vertex 0.09685831451416016 0.04629119110107422 -1.083931396484375
   vertex 0.09685831451416016 0.04069522857666016 -1.0727520751953126
   vertex 0.09921147155761718 0.029474313735961915 -1.07787646484375
  endloop
 endfacet
 facet normal 0.9822652339935303 0.16766448318958282 0.08392644673585892
  outer loop
   vertex 0.09685831451416016 0.04629119110107422 -1.083931396484375
   vertex 0.09921147155761718 0.029474313735961915 -1.07787646484375
   vertex 0.09921147155761718 0.03546443557739258 -1.0898432617187501
  endloop
 endfacet
 facet normal 0.9980241656303406 0.054034940898418427 0.03206053003668785
  outer loop
   vertex 0.09921147155761718 0.04229299545288086 -1.1013521728515625
   vertex 0.1 0.024464202880859376 -1.095849853515625
   vertex 0.1 0.03174929428100586 -1.108128173828125
  endloop
 endfacet
 facet normal 0.9980242252349854 0.05403491109609604 0.03206042945384979
  outer loop
   vertex 0.09921147155761718 0.04229299545288086 -1.1013521728515625
   vertex 0.09921147155761718 0.03546443557739258 -1.0898432617187501
   vertex 0.1 0.024464202880859376 -1.095849853515625
  endloop
 endfacet
 facet normal 0.48151782155036926 0.875877857208252 0.031282082200050354
  outer loop
   vertex 0.042577930450439457 0.0907617416381836 -1.0078128662109376
   vertex 0.042577930450439457 0.09048270416259765 -1.0
   vertex 0.05358267974853516 0.08443279266357422 -1.0
  endloop
 endfacet
 facet normal 0.4815180003643036 0.8758777976036072 0.031281862407922745
  outer loop
   vertex 0.042577930450439457 0.0907617416381836 -1.0078128662109376
   vertex 0.05358267974853516 0.08443279266357422 -1.0
   vertex 0.05358267974853516 0.08472724151611329 -1.0082444458007813
  endloop
 endfacet
 facet normal 0.5875399112701416 0.8045586347579956 0.08649937808513641
  outer loop
   vertex 0.05358267974853516 0.08560910034179688 -1.0164468994140625
   vertex 0.05358267974853516 0.08472724151611329 -1.0082444458007813
   vertex 0.06374239730834962 0.07736458587646484 -1.0087710571289064
  endloop
 endfacet
 facet normal 0.587540328502655 0.8045583963394165 0.0864986777305603
  outer loop
   vertex 0.05358267974853516 0.08560910034179688 -1.0164468994140625
   vertex 0.06374239730834962 0.07736458587646484 -1.0087710571289064
   vertex 0.06374239730834962 0.07830276489257813 -1.0174974365234375
  endloop
 endfacet
 facet normal 0.4815179705619812 0.8714145421981812 0.09368716180324554
  outer loop
   vertex 0.05358267974853516 0.08560910034179688 -1.0164468994140625
   vertex 0.042577930450439457 0.0907617416381836 -1.0078128662109376
   vertex 0.05358267974853516 0.08472724151611329 -1.0082444458007813
  endloop
 endfacet
 facet normal 0.6843145489692688 0.7176011204719543 0.1294693499803543
  outer loop
   vertex 0.06374239730834962 0.079861083984375 -1.0261346435546874
   vertex 0.07289686584472656 0.06979365539550782 -1.0187208251953126
   vertex 0.07289686584472656 0.07146092987060547 -1.0279619140625
  endloop
 endfacet
 facet normal 0.6843146681785583 0.7176010608673096 0.129469096660614
  outer loop
   vertex 0.06374239730834962 0.079861083984375 -1.0261346435546874
   vertex 0.06374239730834962 0.07830276489257813 -1.0174974365234375
   vertex 0.07289686584472656 0.06979365539550782 -1.0187208251953126
  endloop
 endfacet
 facet normal 0.7703139781951904 0.6178570985794067 0.15769867599010468
  outer loop
   vertex 0.07289686584472656 0.07378321838378907 -1.037060546875
   vertex 0.07289686584472656 0.07146092987060547 -1.0279619140625
   vertex 0.08090170288085938 0.06200587844848633 -1.030018798828125
  endloop
 endfacet
 facet normal 0.7703144550323486 0.6178568005561829 0.15769779682159424
  outer loop
   vertex 0.07289686584472656 0.07378321838378907 -1.037060546875
   vertex 0.08090170288085938 0.06200587844848633 -1.030018798828125
   vertex 0.08090170288085938 0.06449898529052735 -1.0397867431640626
  endloop
 endfacet
 facet normal 0.8441736698150635 0.508637011051178 0.16929061710834503
  outer loop
   vertex 0.08090170288085938 0.06768257904052735 -1.049351806640625
   vertex 0.08763066864013672 0.05432533264160156 -1.04277392578125
   vertex 0.08763066864013672 0.05774795150756836 -1.0530572509765626
  endloop
 endfacet
 facet normal 0.8441728353500366 0.508637547492981 0.16929268836975098
  outer loop
   vertex 0.08090170288085938 0.06768257904052735 -1.049351806640625
   vertex 0.08090170288085938 0.06449898529052735 -1.0397867431640626
   vertex 0.08763066864013672 0.05432533264160156 -1.04277392578125
  endloop
 endfacet
 facet normal 0.7703146934509277 0.605031430721283 0.20137600600719452
  outer loop
   vertex 0.08090170288085938 0.06768257904052735 -1.049351806640625
   vertex 0.07289686584472656 0.07378321838378907 -1.037060546875
   vertex 0.08090170288085938 0.06449898529052735 -1.0397867431640626
  endloop
 endfacet
 facet normal 0.9047226309776306 0.3935735821723938 0.1630239635705948
  outer loop
   vertex 0.08763066864013672 0.06189545822143555 -1.0630701904296875
   vertex 0.08763066864013672 0.05774795150756836 -1.0530572509765626
   vertex 0.09297764587402343 0.04710147476196289 -1.0570281982421874
  endloop
 endfacet
 facet normal 0.8441736102104187 0.4952636659145355 0.20514549314975739
  outer loop
   vertex 0.08763066864013672 0.06189545822143555 -1.0630701904296875
   vertex 0.08090170288085938 0.06768257904052735 -1.049351806640625
   vertex 0.08763066864013672 0.05774795150756836 -1.0530572509765626
  endloop
 endfacet
 facet normal 0.9047227501869202 0.3935735523700714 0.16302388906478882
  outer loop
   vertex 0.08763066864013672 0.06189545822143555 -1.0630701904296875
   vertex 0.09297764587402343 0.04710147476196289 -1.0570281982421874
   vertex 0.09297764587402343 0.05155938720703125 -1.06779052734375
  endloop
 endfacet
 facet normal 0.9509984850883484 0.2764904499053955 0.1384010910987854
  outer loop
   vertex 0.09297764587402343 0.056773719787597654 -1.07820751953125
   vertex 0.09685831451416016 0.04069522857666016 -1.0727520751953126
   vertex 0.09685831451416016 0.04629119110107422 -1.083931396484375
  endloop
 endfacet
 facet normal 0.9509987831115723 0.276490181684494 0.13839998841285706
  outer loop
   vertex 0.09297764587402343 0.056773719787597654 -1.07820751953125
   vertex 0.09297764587402343 0.05155938720703125 -1.06779052734375
   vertex 0.09685831451416016 0.04069522857666016 -1.0727520751953126
  endloop
 endfacet
 facet normal 0.9822651743888855 0.16124975681304932 0.09567413479089737
  outer loop
   vertex 0.09685831451416016 0.05267041778564453 -1.0946829833984375
   vertex 0.09685831451416016 0.04629119110107422 -1.083931396484375
   vertex 0.09921147155761718 0.03546443557739258 -1.0898432617187501
  endloop
 endfacet
 facet normal 0.9509985446929932 0.26591238379478455 0.1577734798192978
  outer loop
   vertex 0.09685831451416016 0.05267041778564453 -1.0946829833984375
   vertex 0.09297764587402343 0.056773719787597654 -1.07820751953125
   vertex 0.09685831451416016 0.04629119110107422 -1.083931396484375
  endloop
 endfacet
 facet normal 0.9822652339935303 0.16124972701072693 0.09567397832870483
  outer loop
   vertex 0.09685831451416016 0.05267041778564453 -1.0946829833984375
   vertex 0.09921147155761718 0.03546443557739258 -1.0898432617187501
   vertex 0.09921147155761718 0.04229299545288086 -1.1013521728515625
  endloop
 endfacet
 facet normal 0.3679217994213104 0.92926424741745 0.03318854793906212
  outer loop
   vertex 0.03090169906616211 0.09537290954589844 -1.0074830932617187
   vertex 0.03090169906616211 0.09510565185546875 -1.0
   vertex 0.042577930450439457 0.09048270416259765 -1.0
  endloop
 endfacet
 facet normal 0.3679216504096985 0.9292643070220947 0.03318879008293152
  outer loop
   vertex 0.03090169906616211 0.09537290954589844 -1.0074830932617187
   vertex 0.042577930450439457 0.09048270416259765 -1.0
   vertex 0.042577930450439457 0.0907617416381836 -1.0078128662109376
  endloop
 endfacet
 facet normal 0.9980242848396301 0.0516100712120533 0.03583335503935814
  outer loop
   vertex 0.09921147155761718 0.049925193786621094 -1.1123446044921874
   vertex 0.1 0.03174929428100586 -1.108128173828125
   vertex 0.1 0.03989175033569336 -1.1198555908203125
  endloop
 endfacet
 facet normal 0.9980242252349854 0.05161012336611748 0.035833630710840225
  outer loop
   vertex 0.09921147155761718 0.049925193786621094 -1.1123446044921874
   vertex 0.09921147155761718 0.04229299545288086 -1.1013521728515625
   vertex 0.1 0.03174929428100586 -1.108128173828125
  endloop
 endfacet
 facet normal 0.48151782155036926 0.8714145421981812 0.09368695318698883
  outer loop
   vertex 0.042577930450439457 0.0915974349975586 -1.0155859375
   vertex 0.042577930450439457 0.0907617416381836 -1.0078128662109376
   vertex 0.05358267974853516 0.08560910034179688 -1.0164468994140625
  endloop
 endfacet
 facet normal 0.5875405073165894 0.7963376045227051 0.14367523789405823
  outer loop
   vertex 0.05358267974853516 0.08707386779785156 -1.0245655517578125
   vertex 0.05358267974853516 0.08560910034179688 -1.0164468994140625
   vertex 0.06374239730834962 0.07830276489257813 -1.0174974365234375
  endloop
 endfacet
 facet normal 0.587540864944458 0.7963374257087708 0.14367470145225525
  outer loop
   vertex 0.05358267974853516 0.08707386779785156 -1.0245655517578125
   vertex 0.06374239730834962 0.07830276489257813 -1.0174974365234375
   vertex 0.06374239730834962 0.079861083984375 -1.0261346435546874
  endloop
 endfacet
 facet normal 0.6843143105506897 0.7065367102622986 0.18033279478549957
  outer loop
   vertex 0.06374239730834962 0.08203160858154297 -1.034638671875
   vertex 0.06374239730834962 0.079861083984375 -1.0261346435546874
   vertex 0.07289686584472656 0.07146092987060547 -1.0279619140625
  endloop
 endfacet
 facet normal 0.5875409841537476 0.7840586304664612 0.20011909306049347
  outer loop
   vertex 0.06374239730834962 0.08203160858154297 -1.034638671875
   vertex 0.05358267974853516 0.08707386779785156 -1.0245655517578125
   vertex 0.06374239730834962 0.079861083984375 -1.0261346435546874
  endloop
 endfacet
 facet normal 0.6843142509460449 0.7065367102622986 0.18033279478549957
  outer loop
   vertex 0.06374239730834962 0.08203160858154297 -1.034638671875
   vertex 0.07289686584472656 0.07146092987060547 -1.0279619140625
   vertex 0.07289686584472656 0.07378321838378907 -1.037060546875
  endloop
 endfacet
 facet normal 0.7703136205673218 0.6050333976745605 0.2013743668794632
  outer loop
   vertex 0.07289686584472656 0.0767486801147461 -1.0459703369140625
   vertex 0.07289686584472656 0.07378321838378907 -1.037060546875
   vertex 0.08090170288085938 0.06768257904052735 -1.049351806640625
  endloop
 endfacet
 facet normal 0.844173014163971 0.49526527523994446 0.20514452457427979
  outer loop
   vertex 0.08090170288085938 0.0715404281616211 -1.05866552734375
   vertex 0.08090170288085938 0.06768257904052735 -1.049351806640625
   vertex 0.08763066864013672 0.06189545822143555 -1.0630701904296875
  endloop
 endfacet
 facet normal 0.9047226905822754 0.3809414803981781 0.19068418443202972
  outer loop
   vertex 0.08763066864013672 0.06674671173095703 -1.0727618408203126
   vertex 0.09297764587402343 0.05155938720703125 -1.06779052734375
   vertex 0.09297764587402343 0.056773719787597654 -1.07820751953125
  endloop
 endfacet
 facet normal 0.9047226905822754 0.3809414803981781 0.19068410992622375
  outer loop
   vertex 0.08763066864013672 0.06674671173095703 -1.0727618408203126
   vertex 0.08763066864013672 0.06189545822143555 -1.0630701904296875
   vertex 0.09297764587402343 0.05155938720703125 -1.06779052734375
  endloop
 endfacet
 facet normal 0.9509987235069275 0.2659114599227905 0.15777374804019928
  outer loop
   vertex 0.09297764587402343 0.06271790313720703 -1.0882258300781251
   vertex 0.09297764587402343 0.056773719787597654 -1.07820751953125
   vertex 0.09685831451416016 0.05267041778564453 -1.0946829833984375
  endloop
 endfacet
 facet normal 0.12525492906570435 0.9914923906326294 0.035412225872278214
  outer loop
   vertex 0.018738130569458007 0.09848802947998048 -1.00726025390625
   vertex 0.006279051780700684 0.09980267333984376 -1.0
   vertex 0.018738130569458007 0.09822872161865234 -1.0
  endloop
 endfacet
 facet normal 0.2485409528017044 0.9680042266845703 0.03457332402467728
  outer loop
   vertex 0.018738130569458007 0.09848802947998048 -1.00726025390625
   vertex 0.018738130569458007 0.09822872161865234 -1.0
   vertex 0.03090169906616211 0.09510565185546875 -1.0
  endloop
 endfacet
 facet normal 0.24854162335395813 0.9680041670799255 0.034572117030620575
  outer loop
   vertex 0.018738130569458007 0.09848802947998048 -1.00726025390625
   vertex 0.03090169906616211 0.09510565185546875 -1.0
   vertex 0.03090169906616211 0.09537290954589844 -1.0074830932617187
  endloop
 endfacet
 facet normal 0.9822652339935303 0.1540137529373169 0.10693331807851791
  outer loop
   vertex 0.09685831451416016 0.05980040359497071 -1.1049521484375
   vertex 0.09685831451416016 0.05267041778564453 -1.0946829833984375
   vertex 0.09921147155761718 0.04229299545288086 -1.1013521728515625
  endloop
 endfacet
 facet normal 0.9822651743888855 0.15401388704776764 0.10693398863077164
  outer loop
   vertex 0.09685831451416016 0.05980040359497071 -1.1049521484375
   vertex 0.09921147155761718 0.04229299545288086 -1.1013521728515625
   vertex 0.09921147155761718 0.049925193786621094 -1.1123446044921874
  endloop
 endfacet
 facet normal 0.9509986639022827 0.25397929549217224 0.17634041607379913
  outer loop
   vertex 0.09685831451416016 0.05980040359497071 -1.1049521484375
   vertex 0.09297764587402343 0.06271790313720703 -1.0882258300781251
   vertex 0.09685831451416016 0.05267041778564453 -1.0946829833984375
  endloop
 endfacet
 facet normal 0.3679215610027313 0.9245290756225586 0.099397212266922
  outer loop
   vertex 0.03090169906616211 0.09617332458496095 -1.0149280395507814
   vertex 0.03090169906616211 0.09537290954589844 -1.0074830932617187
   vertex 0.042577930450439457 0.0907617416381836 -1.0078128662109376
  endloop
 endfacet
 facet normal 0.36792147159576416 0.9245290756225586 0.09939735382795334
  outer loop
   vertex 0.03090169906616211 0.09617332458496095 -1.0149280395507814
   vertex 0.042577930450439457 0.0907617416381836 -1.0078128662109376
   vertex 0.042577930450439457 0.0915974349975586 -1.0155859375
  endloop
 endfacet
 facet normal 0.9980242252349854 0.04892205074429512 0.039424020797014236
  outer loop
   vertex 0.09921147155761718 0.05832213973999024 -1.1227645263671875
   vertex 0.1 0.03989175033569336 -1.1198555908203125
   vertex 0.1 0.0488500862121582 -1.13097216796875
  endloop
 endfacet
 facet normal 0.9980242848396301 0.045985013246536255 0.04281352460384369
  outer loop
   vertex 0.09921147155761718 0.05832213973999024 -1.1227645263671875
   vertex 0.1 0.0488500862121582 -1.13097216796875
   vertex 0.1 0.05857864379882813 -1.14142138671875
  endloop
 endfacet
 facet normal 0.9980242252349854 0.04598516970872879 0.04281352087855339
  outer loop
   vertex 0.09921147155761718 0.05832213973999024 -1.1227645263671875
   vertex 0.1 0.05857864379882813 -1.14142138671875
   vertex 0.09921147155761718 0.0674410400390625 -1.1325589599609376
  endloop
 endfacet
 facet normal 0.9980242252349854 0.048922061920166016 0.03942408412694931
  outer loop
   vertex 0.09921147155761718 0.05832213973999024 -1.1227645263671875
   vertex 0.09921147155761718 0.049925193786621094 -1.1123446044921874
   vertex 0.1 0.03989175033569336 -1.1198555908203125
  endloop
 endfacet
 facet normal 0.982265055179596 0.14599274098873138 0.11764898151159286
  outer loop
   vertex 0.09921147155761718 0.05832213973999024 -1.1227645263671875
   vertex 0.09685831451416016 0.05980040359497071 -1.1049521484375
   vertex 0.09921147155761718 0.049925193786621094 -1.1123446044921874
  endloop
 endfacet
 facet normal 0.3679213523864746 0.9150826930999756 0.1650984287261963
  outer loop
   vertex 0.042577930450439457 0.09298551940917969 -1.0232796020507813
   vertex 0.03090169906616211 0.09617332458496095 -1.0149280395507814
   vertex 0.042577930450439457 0.0915974349975586 -1.0155859375
  endloop
 endfacet
 facet normal 0.4815172851085663 0.8625110983848572 0.15561428666114807
  outer loop
   vertex 0.042577930450439457 0.09298551940917969 -1.0232796020507813
   vertex 0.05358267974853516 0.08560910034179688 -1.0164468994140625
   vertex 0.05358267974853516 0.08707386779785156 -1.0245655517578125
  endloop
 endfacet
 facet normal 0.4815177023410797 0.8625109195709229 0.1556134968996048
  outer loop
   vertex 0.042577930450439457 0.09298551940917969 -1.0232796020507813
   vertex 0.042577930450439457 0.0915974349975586 -1.0155859375
   vertex 0.05358267974853516 0.08560910034179688 -1.0164468994140625
  endloop
 endfacet
 facet normal 0.5875399112701416 0.7840598821640015 0.20011737942695618
  outer loop
   vertex 0.05358267974853516 0.08911407470703125 -1.03255908203125
   vertex 0.05358267974853516 0.08707386779785156 -1.0245655517578125
   vertex 0.06374239730834962 0.08203160858154297 -1.034638671875
  endloop
 endfacet
 facet normal 0.5875399112701416 0.7677854299545288 0.25554323196411133
  outer loop
   vertex 0.06374239730834962 0.0848032684326172 -1.0429661865234374
   vertex 0.05358267974853516 0.08911407470703125 -1.03255908203125
   vertex 0.06374239730834962 0.08203160858154297 -1.034638671875
  endloop
 endfacet
 facet normal 0.6843141317367554 0.6918720006942749 0.23027685284614563
  outer loop
   vertex 0.06374239730834962 0.0848032684326172 -1.0429661865234374
   vertex 0.06374239730834962 0.08203160858154297 -1.034638671875
   vertex 0.07289686584472656 0.07378321838378907 -1.037060546875
  endloop
 endfacet
 facet normal 0.6843140125274658 0.6918720006942749 0.23027700185775757
  outer loop
   vertex 0.06374239730834962 0.0848032684326172 -1.0429661865234374
   vertex 0.07289686584472656 0.07378321838378907 -1.037060546875
   vertex 0.07289686584472656 0.0767486801147461 -1.0459703369140625
  endloop
 endfacet
 facet normal 0.7703137993812561 0.5891261100769043 0.24402274191379547
  outer loop
   vertex 0.07289686584472656 0.08034219360351563 -1.0546458740234375
   vertex 0.08090170288085938 0.06768257904052735 -1.049351806640625
   vertex 0.08090170288085938 0.0715404281616211 -1.05866552734375
  endloop
 endfacet
 facet normal 0.7703136205673218 0.5891261696815491 0.24402326345443726
  outer loop
   vertex 0.07289686584472656 0.08034219360351563 -1.0546458740234375
   vertex 0.07289686584472656 0.0767486801147461 -1.0459703369140625
   vertex 0.08090170288085938 0.06768257904052735 -1.049351806640625
  endloop
 endfacet
 facet normal 0.8441728949546814 0.4793686270713806 0.23995369672775269
  outer loop
   vertex 0.08090170288085938 0.0760528793334961 -1.0676802978515625
   vertex 0.08090170288085938 0.0715404281616211 -1.05866552734375
   vertex 0.08763066864013672 0.06189545822143555 -1.0630701904296875
  endloop
 endfacet
 facet normal 0.8441733717918396 0.4793684780597687 0.2399527132511139
  outer loop
   vertex 0.08090170288085938 0.0760528793334961 -1.0676802978515625
   vertex 0.08763066864013672 0.06189545822143555 -1.0630701904296875
   vertex 0.08763066864013672 0.06674671173095703 -1.0727618408203126
  endloop
 endfacet
 facet normal 0.9047227501869202 0.36636701226234436 0.21737539768218994
  outer loop
   vertex 0.08763066864013672 0.07227699279785156 -1.0820826416015625
   vertex 0.08763066864013672 0.06674671173095703 -1.0727618408203126
   vertex 0.09297764587402343 0.056773719787597654 -1.07820751953125
  endloop
 endfacet
 facet normal 0.9047220349311829 0.36636731028556824 0.21737737953662872
  outer loop
   vertex 0.08763066864013672 0.07227699279785156 -1.0820826416015625
   vertex 0.09297764587402343 0.056773719787597654 -1.07820751953125
   vertex 0.09297764587402343 0.06271790313720703 -1.0882258300781251
  endloop
 endfacet
 facet normal 0.12525400519371033 0.9914925694465637 0.035410601645708084
  outer loop
   vertex 0.006279051780700684 0.10005796051025391 -1.0071480102539063
   vertex 0.006279051780700684 0.09980267333984376 -1.0
   vertex 0.018738130569458007 0.09848802947998048 -1.00726025390625
  endloop
 endfacet
 facet normal 0.9509986639022827 0.2539796531200409 0.17634038627147675
  outer loop
   vertex 0.09297764587402343 0.06936164093017579 -1.097794677734375
   vertex 0.09297764587402343 0.06271790313720703 -1.0882258300781251
   vertex 0.09685831451416016 0.05980040359497071 -1.1049521484375
  endloop
 endfacet
 facet normal 0.2485412359237671 0.963071346282959 0.10354092717170715
  outer loop
   vertex 0.018738130569458007 0.09926461029052734 -1.0144835815429687
   vertex 0.03090169906616211 0.09537290954589844 -1.0074830932617187
   vertex 0.03090169906616211 0.09617332458496095 -1.0149280395507814
  endloop
 endfacet
 facet normal 0.24854183197021484 0.9630714058876038 0.10353991389274597
  outer loop
   vertex 0.018738130569458007 0.09926461029052734 -1.0144835815429687
   vertex 0.018738130569458007 0.09848802947998048 -1.00726025390625
   vertex 0.03090169906616211 0.09537290954589844 -1.0074830932617187
  endloop
 endfacet
 facet normal 0.9822651743888855 0.14599251747131348 0.11764901131391525
  outer loop
   vertex 0.09685831451416016 0.06764481353759766 -1.1146864013671876
   vertex 0.09685831451416016 0.05980040359497071 -1.1049521484375
   vertex 0.09921147155761718 0.05832213973999024 -1.1227645263671875
  endloop
 endfacet
 facet normal 0.982265293598175 0.13722772896289825 0.1277635395526886
  outer loop
   vertex 0.09685831451416016 0.06764481353759766 -1.1146864013671876
   vertex 0.09921147155761718 0.0674410400390625 -1.1325589599609376
   vertex 0.09685831451416016 0.07616367340087891 -1.1238363037109376
  endloop
 endfacet
 facet normal 0.9822651743888855 0.13722829520702362 0.12776349484920502
  outer loop
   vertex 0.09685831451416016 0.06764481353759766 -1.1146864013671876
   vertex 0.09921147155761718 0.05832213973999024 -1.1227645263671875
   vertex 0.09921147155761718 0.0674410400390625 -1.1325589599609376
  endloop
 endfacet
 facet normal 0.2485412210226059 0.9532309174537659 0.17198261618614197
  outer loop
   vertex 0.03090169906616211 0.09750281524658204 -1.022296875
   vertex 0.018738130569458007 0.09926461029052734 -1.0144835815429687
   vertex 0.03090169906616211 0.09617332458496095 -1.0149280395507814
  endloop
 endfacet
 facet normal 0.36792218685150146 0.9150821566581726 0.16509978473186493
  outer loop
   vertex 0.03090169906616211 0.09750281524658204 -1.022296875
   vertex 0.03090169906616211 0.09617332458496095 -1.0149280395507814
   vertex 0.042577930450439457 0.09298551940917969 -1.0232796020507813
  endloop
 endfacet
 facet normal 0.4815170466899872 0.8492122888565063 0.21674811840057373
  outer loop
   vertex 0.042577930450439457 0.0949189224243164 -1.0308546142578126
   vertex 0.042577930450439457 0.09298551940917969 -1.0232796020507813
   vertex 0.05358267974853516 0.08707386779785156 -1.0245655517578125
  endloop
 endfacet
 facet normal 0.4815180003643036 0.8492122292518616 0.21674640476703644
  outer loop
   vertex 0.042577930450439457 0.0949189224243164 -1.0308546142578126
   vertex 0.05358267974853516 0.08707386779785156 -1.0245655517578125
   vertex 0.05358267974853516 0.08911407470703125 -1.03255908203125
  endloop
 endfacet
 facet normal 0.587540864944458 0.7677842378616333 0.25554466247558594
  outer loop
   vertex 0.05358267974853516 0.0917193374633789 -1.0403865966796875
   vertex 0.05358267974853516 0.08911407470703125 -1.03255908203125
   vertex 0.06374239730834962 0.0848032684326172 -1.0429661865234374
  endloop
 endfacet
 facet normal 0.6843137741088867 0.6736809015274048 0.2790495753288269
  outer loop
   vertex 0.06374239730834962 0.08816194915771484 -1.05107470703125
   vertex 0.06374239730834962 0.0848032684326172 -1.0429661865234374
   vertex 0.07289686584472656 0.0767486801147461 -1.0459703369140625
  endloop
 endfacet
 facet normal 0.6843150854110718 0.6736807227134705 0.27904677391052246
  outer loop
   vertex 0.06374239730834962 0.08816194915771484 -1.05107470703125
   vertex 0.07289686584472656 0.0767486801147461 -1.0459703369140625
   vertex 0.07289686584472656 0.08034219360351563 -1.0546458740234375
  endloop
 endfacet
 facet normal 0.7703138589859009 0.5702164769172668 0.2854289412498474
  outer loop
   vertex 0.07289686584472656 0.08454546356201172 -1.06304296875
   vertex 0.07289686584472656 0.08034219360351563 -1.0546458740234375
   vertex 0.08090170288085938 0.0715404281616211 -1.05866552734375
  endloop
 endfacet
 facet normal 0.7703139781951904 0.5702164769172668 0.2854286730289459
  outer loop
   vertex 0.07289686584472656 0.08454546356201172 -1.06304296875
   vertex 0.08090170288085938 0.0715404281616211 -1.05866552734375
   vertex 0.08090170288085938 0.0760528793334961 -1.0676802978515625
  endloop
 endfacet
 facet normal 0.84417325258255 0.46102750301361084 0.27354177832603455
  outer loop
   vertex 0.08090170288085938 0.08119693756103516 -1.0763500976562501
   vertex 0.08090170288085938 0.0760528793334961 -1.0676802978515625
   vertex 0.08763066864013672 0.06674671173095703 -1.0727618408203126
  endloop
 endfacet
 facet normal 0.8441739678382874 0.4610273540019989 0.27353987097740173
  outer loop
   vertex 0.08090170288085938 0.08119693756103516 -1.0763500976562501
   vertex 0.08763066864013672 0.06674671173095703 -1.0727618408203126
   vertex 0.08763066864013672 0.07227699279785156 -1.0820826416015625
  endloop
 endfacet
 facet normal 0.0 0.9993628859519958 0.03569168597459793
  outer loop
   vertex -0.006279051780700684 0.10005796051025391 -1.0071480102539063
   vertex -0.006279051780700684 0.09980267333984376 -1.0
   vertex 0.006279051780700684 0.09980267333984376 -1.0
  endloop
 endfacet
 facet normal -0.0 0.9993628859519958 0.03569168597459793
  outer loop
   vertex -0.006279051780700684 0.10005796051025391 -1.0071480102539063
   vertex 0.006279051780700684 0.09980267333984376 -1.0
   vertex 0.006279051780700684 0.10005796051025391 -1.0071480102539063
  endloop
 endfacet
 facet normal 0.9047219753265381 0.34992656111717224 0.24295981228351593
  outer loop
   vertex 0.08763066864013672 0.07845812225341797 -1.090985107421875
   vertex 0.08763066864013672 0.07227699279785156 -1.0820826416015625
   vertex 0.09297764587402343 0.06271790313720703 -1.0882258300781251
  endloop
 endfacet
 facet normal 0.9047227501869202 0.3499263823032379 0.24295704066753387
  outer loop
   vertex 0.08763066864013672 0.07845812225341797 -1.090985107421875
   vertex 0.09297764587402343 0.06271790313720703 -1.0882258300781251
   vertex 0.09297764587402343 0.06936164093017579 -1.097794677734375
  endloop
 endfacet
 facet normal 0.8441740274429321 0.44033753871917725 0.30573365092277527
  outer loop
   vertex 0.08763066864013672 0.07845812225341797 -1.090985107421875
   vertex 0.08090170288085938 0.08119693756103516 -1.0763500976562501
   vertex 0.08763066864013672 0.07227699279785156 -1.0820826416015625
  endloop
 endfacet
 facet normal 0.12525378167629242 0.9864400029182434 0.10605420172214508
  outer loop
   vertex 0.006279051780700684 0.10082254028320313 -1.0142595825195313
   vertex 0.006279051780700684 0.10005796051025391 -1.0071480102539063
   vertex 0.018738130569458007 0.09848802947998048 -1.00726025390625
  endloop
 endfacet
 facet normal 0.12525485455989838 0.9864400625228882 0.10605229437351227
  outer loop
   vertex 0.006279051780700684 0.10082254028320313 -1.0142595825195313
   vertex 0.018738130569458007 0.09848802947998048 -1.00726025390625
   vertex 0.018738130569458007 0.09926461029052734 -1.0144835815429687
  endloop
 endfacet
 facet normal 0.0 0.9942702054977417 0.1068960428237915
  outer loop
   vertex 0.006279051780700684 0.10082254028320313 -1.0142595825195313
   vertex -0.006279051780700684 0.10005796051025391 -1.0071480102539063
   vertex 0.006279051780700684 0.10005796051025391 -1.0071480102539063
  endloop
 endfacet
 facet normal 0.9509985446929932 0.22629794478416443 0.2106914520263672
  outer loop
   vertex 0.09297764587402343 0.07667108154296876 -1.1068651123046875
   vertex 0.09685831451416016 0.07616367340087891 -1.1238363037109376
   vertex 0.09297764587402343 0.08460897827148438 -1.1153909912109374
  endloop
 endfacet
 facet normal 0.9509986639022827 0.24075180292129517 0.1940106451511383
  outer loop
   vertex 0.09297764587402343 0.07667108154296876 -1.1068651123046875
   vertex 0.09297764587402343 0.06936164093017579 -1.097794677734375
   vertex 0.09685831451416016 0.05980040359497071 -1.1049521484375
  endloop
 endfacet
 facet normal 0.9509984850883484 0.22629860043525696 0.2106914073228836
  outer loop
   vertex 0.09297764587402343 0.07667108154296876 -1.1068651123046875
   vertex 0.09685831451416016 0.06764481353759766 -1.1146864013671876
   vertex 0.09685831451416016 0.07616367340087891 -1.1238363037109376
  endloop
 endfacet
 facet normal 0.9047228097915649 0.3317014276981354 0.2673027217388153
  outer loop
   vertex 0.09297764587402343 0.07667108154296876 -1.1068651123046875
   vertex 0.08763066864013672 0.07845812225341797 -1.090985107421875
   vertex 0.09297764587402343 0.06936164093017579 -1.097794677734375
  endloop
 endfacet
 facet normal 0.9509984850883484 0.24075184762477875 0.19401143491268158
  outer loop
   vertex 0.09297764587402343 0.07667108154296876 -1.1068651123046875
   vertex 0.09685831451416016 0.05980040359497071 -1.1049521484375
   vertex 0.09685831451416016 0.06764481353759766 -1.1146864013671876
  endloop
 endfacet
 facet normal 0.2485409379005432 0.953231155872345 0.17198210954666138
  outer loop
   vertex 0.018738130569458007 0.10055451965332031 -1.021633056640625
   vertex 0.018738130569458007 0.09926461029052734 -1.0144835815429687
   vertex 0.03090169906616211 0.09750281524658204 -1.022296875
  endloop
 endfacet
 facet normal 0.12525488436222076 0.9763609170913696 0.1761551797389984
  outer loop
   vertex 0.018738130569458007 0.10055451965332031 -1.021633056640625
   vertex 0.006279051780700684 0.10082254028320313 -1.0142595825195313
   vertex 0.018738130569458007 0.09926461029052734 -1.0144835815429687
  endloop
 endfacet
 facet normal 0.3679223954677582 0.9009726047515869 0.22995948791503906
  outer loop
   vertex 0.03090169906616211 0.09935460662841797 -1.0295521240234375
   vertex 0.03090169906616211 0.09750281524658204 -1.022296875
   vertex 0.042577930450439457 0.09298551940917969 -1.0232796020507813
  endloop
 endfacet
 facet normal 0.36792266368865967 0.9009726643562317 0.2299591302871704
  outer loop
   vertex 0.03090169906616211 0.09935460662841797 -1.0295521240234375
   vertex 0.042577930450439457 0.09298551940917969 -1.0232796020507813
   vertex 0.042577930450439457 0.0949189224243164 -1.0308546142578126
  endloop
 endfacet
 facet normal 0.48151859641075134 0.831584632396698 0.2767795920372009
  outer loop
   vertex 0.042577930450439457 0.09738780212402344 -1.0382723388671875
   vertex 0.05358267974853516 0.08911407470703125 -1.03255908203125
   vertex 0.05358267974853516 0.0917193374633789 -1.0403865966796875
  endloop
 endfacet
 facet normal 0.481518030166626 0.8315845727920532 0.2767806053161621
  outer loop
   vertex 0.042577930450439457 0.09738780212402344 -1.0382723388671875
   vertex 0.042577930450439457 0.0949189224243164 -1.0308546142578126
   vertex 0.05358267974853516 0.08911407470703125 -1.03255908203125
  endloop
 endfacet
 facet normal 0.5875410437583923 0.7475974559783936 0.3096669614315033
  outer loop
   vertex 0.05358267974853516 0.09487637329101563 -1.04800830078125
   vertex 0.06374239730834962 0.0848032684326172 -1.0429661865234374
   vertex 0.06374239730834962 0.08816194915771484 -1.05107470703125
  endloop
 endfacet
 facet normal 0.587540864944458 0.7475974559783936 0.3096671998500824
  outer loop
   vertex 0.05358267974853516 0.09487637329101563 -1.04800830078125
   vertex 0.05358267974853516 0.0917193374633789 -1.0403865966796875
   vertex 0.06374239730834962 0.0848032684326172 -1.0429661865234374
  endloop
 endfacet
 facet normal 0.6843164563179016 0.6520562767982483 0.3263948857784271
  outer loop
   vertex 0.06374239730834962 0.09209053039550781 -1.0589229736328125
   vertex 0.07289686584472656 0.08034219360351563 -1.0546458740234375
   vertex 0.07289686584472656 0.08454546356201172 -1.06304296875
  endloop
 endfacet
 facet normal 0.6843151450157166 0.6520562767982483 0.32639768719673157
  outer loop
   vertex 0.06374239730834962 0.09209053039550781 -1.0589229736328125
   vertex 0.06374239730834962 0.08816194915771484 -1.05107470703125
   vertex 0.07289686584472656 0.08034219360351563 -1.0546458740234375
  endloop
 endfacet
 facet normal 0.7703132629394531 0.5484007000923157 0.3253829777240753
  outer loop
   vertex 0.07289686584472656 0.08933705902099609 -1.0711187744140624
   vertex 0.08090170288085938 0.0760528793334961 -1.0676802978515625
   vertex 0.08090170288085938 0.08119693756103516 -1.0763500976562501
  endloop
 endfacet
 facet normal 0.6843166351318359 0.6271094679832458 0.37208113074302673
  outer loop
   vertex 0.07289686584472656 0.08933705902099609 -1.0711187744140624
   vertex 0.06374239730834962 0.09209053039550781 -1.0589229736328125
   vertex 0.07289686584472656 0.08454546356201172 -1.06304296875
  endloop
 endfacet
 facet normal 0.7703141570091248 0.5484007596969604 0.3253811001777649
  outer loop
   vertex 0.07289686584472656 0.08933705902099609 -1.0711187744140624
   vertex 0.07289686584472656 0.08454546356201172 -1.06304296875
   vertex 0.08090170288085938 0.0760528793334961 -1.0676802978515625
  endloop
 endfacet
 facet normal -0.12525492906570435 0.9914923906326294 0.035412225872278214
  outer loop
   vertex -0.018738130569458007 0.09848802947998048 -1.00726025390625
   vertex -0.018738130569458007 0.09822872161865234 -1.0
   vertex -0.006279051780700684 0.09980267333984376 -1.0
  endloop
 endfacet
 facet normal -0.12525400519371033 0.9914925694465637 0.035410601645708084
  outer loop
   vertex -0.018738130569458007 0.09848802947998048 -1.00726025390625
   vertex -0.006279051780700684 0.09980267333984376 -1.0
   vertex -0.006279051780700684 0.10005796051025391 -1.0071480102539063
  endloop
 endfacet
 facet normal 0.8441736698150635 0.44033852219581604 0.305733323097229
  outer loop
   vertex 0.08090170288085938 0.08694638824462891 -1.084630859375
   vertex 0.08090170288085938 0.08119693756103516 -1.0763500976562501
   vertex 0.08763066864013672 0.07845812225341797 -1.090985107421875
  endloop
 endfacet
 facet normal 0.7703132629394531 0.5237914323806763 0.3636758327484131
  outer loop
   vertex 0.08090170288085938 0.08694638824462891 -1.084630859375
   vertex 0.07289686584472656 0.08933705902099609 -1.0711187744140624
   vertex 0.08090170288085938 0.08119693756103516 -1.0763500976562501
  endloop
 endfacet
 facet normal -0.0 0.9942702054977417 0.1068960428237915
  outer loop
   vertex -0.006279051780700684 0.10082254028320313 -1.0142595825195313
   vertex -0.006279051780700684 0.10005796051025391 -1.0071480102539063
   vertex 0.006279051780700684 0.10082254028320313 -1.0142595825195313
  endloop
 endfacet
 facet normal 0.9047225713729858 0.3117881715297699 0.290284663438797
  outer loop
   vertex 0.08763066864013672 0.08525859832763671 -1.0994239501953125
   vertex 0.09297764587402343 0.08460897827148438 -1.1153909912109374
   vertex 0.08763066864013672 0.09264377593994141 -1.107356201171875
  endloop
 endfacet
 facet normal 0.9047229290008545 0.3117870092391968 0.29028481245040894
  outer loop
   vertex 0.08763066864013672 0.08525859832763671 -1.0994239501953125
   vertex 0.09297764587402343 0.07667108154296876 -1.1068651123046875
   vertex 0.09297764587402343 0.08460897827148438 -1.1153909912109374
  endloop
 endfacet
 facet normal 0.9047228693962097 0.3317011892795563 0.2673027813434601
  outer loop
   vertex 0.08763066864013672 0.08525859832763671 -1.0994239501953125
   vertex 0.08763066864013672 0.07845812225341797 -1.090985107421875
   vertex 0.09297764587402343 0.07667108154296876 -1.1068651123046875
  endloop
 endfacet
 facet normal 0.12525509297847748 0.9763607382774353 0.17615553736686707
  outer loop
   vertex 0.006279051780700684 0.10209249877929688 -1.0212984619140626
   vertex 0.006279051780700684 0.10082254028320313 -1.0142595825195313
   vertex 0.018738130569458007 0.10055451965332031 -1.021633056640625
  endloop
 endfacet
 facet normal 0.24854139983654022 0.9385333061218262 0.2395462691783905
  outer loop
   vertex 0.018738130569458007 0.1023511734008789 -1.0286722412109375
   vertex 0.03090169906616211 0.09750281524658204 -1.022296875
   vertex 0.03090169906616211 0.09935460662841797 -1.0295521240234375
  endloop
 endfacet
 facet normal 0.24854066967964172 0.9385331869125366 0.2395475208759308
  outer loop
   vertex 0.018738130569458007 0.1023511734008789 -1.0286722412109375
   vertex 0.018738130569458007 0.10055451965332031 -1.021633056640625
   vertex 0.03090169906616211 0.09750281524658204 -1.022296875
  endloop
 endfacet
 facet normal 0.36792290210723877 0.8822725415229797 0.29364585876464844
  outer loop
   vertex 0.03090169906616211 0.10171926879882813 -1.0366568603515625
   vertex 0.03090169906616211 0.09935460662841797 -1.0295521240234375
   vertex 0.042577930450439457 0.0949189224243164 -1.0308546142578126
  endloop
 endfacet
 facet normal 0.36792001128196716 0.8822720050811768 0.29365119338035583
  outer loop
   vertex 0.03090169906616211 0.10171926879882813 -1.0366568603515625
   vertex 0.042577930450439457 0.0949189224243164 -1.0308546142578126
   vertex 0.042577930450439457 0.09738780212402344 -1.0382723388671875
  endloop
 endfacet
 facet normal 0.3679196238517761 0.859076976776123 0.3558398485183716
  outer loop
   vertex 0.042577930450439457 0.10037956237792969 -1.0454951171875
   vertex 0.03090169906616211 0.10171926879882813 -1.0366568603515625
   vertex 0.042577930450439457 0.09738780212402344 -1.0382723388671875
  endloop
 endfacet
 facet normal 0.4815187156200409 0.8097215890884399 0.33539628982543945
  outer loop
   vertex 0.042577930450439457 0.10037956237792969 -1.0454951171875
   vertex 0.042577930450439457 0.09738780212402344 -1.0382723388671875
   vertex 0.05358267974853516 0.0917193374633789 -1.0403865966796875
  endloop
 endfacet
 facet normal 0.4815167188644409 0.8097212314605713 0.33539995551109314
  outer loop
   vertex 0.042577930450439457 0.10037956237792969 -1.0454951171875
   vertex 0.05358267974853516 0.0917193374633789 -1.0403865966796875
   vertex 0.05358267974853516 0.09487637329101563 -1.04800830078125
  endloop
 endfacet
 facet normal 0.5875411629676819 0.7236036658287048 0.3622059226036072
  outer loop
   vertex 0.05358267974853516 0.09856909179687501 -1.055385498046875
   vertex 0.05358267974853516 0.09487637329101563 -1.04800830078125
   vertex 0.06374239730834962 0.08816194915771484 -1.05107470703125
  endloop
 endfacet
 facet normal 0.5875381827354431 0.7236031889915466 0.362211674451828
  outer loop
   vertex 0.05358267974853516 0.09856909179687501 -1.055385498046875
   vertex 0.06374239730834962 0.08816194915771484 -1.05107470703125
   vertex 0.06374239730834962 0.09209053039550781 -1.0589229736328125
  endloop
 endfacet
 facet normal 0.68431556224823 0.6271113753318787 0.37207987904548645
  outer loop
   vertex 0.06374239730834962 0.0965689926147461 -1.0664710693359376
   vertex 0.06374239730834962 0.09209053039550781 -1.0589229736328125
   vertex 0.07289686584472656 0.08933705902099609 -1.0711187744140624
  endloop
 endfacet
 facet normal -0.2485409528017044 0.9680042862892151 0.03457214683294296
  outer loop
   vertex -0.03090169906616211 0.09537290954589844 -1.0074830932617187
   vertex -0.03090169906616211 0.09510565185546875 -1.0
   vertex -0.018738130569458007 0.09822872161865234 -1.0
  endloop
 endfacet
 facet normal -0.24854162335395813 0.9680039882659912 0.034573327749967575
  outer loop
   vertex -0.03090169906616211 0.09537290954589844 -1.0074830932617187
   vertex -0.018738130569458007 0.09822872161865234 -1.0
   vertex -0.018738130569458007 0.09848802947998048 -1.00726025390625
  endloop
 endfacet
 facet normal 0.7703133821487427 0.5237910747528076 0.363675981760025
  outer loop
   vertex 0.07289686584472656 0.09469257354736328 -1.0788321533203125
   vertex 0.07289686584472656 0.08933705902099609 -1.0711187744140624
   vertex 0.08090170288085938 0.08694638824462891 -1.084630859375
  endloop
 endfacet
 facet normal -0.12525378167629242 0.9864402413368225 0.10605230927467346
  outer loop
   vertex -0.018738130569458007 0.09926461029052734 -1.0144835815429687
   vertex -0.018738130569458007 0.09848802947998048 -1.00726025390625
   vertex -0.006279051780700684 0.10005796051025391 -1.0071480102539063
  endloop
 endfacet
 facet normal -0.12525488436222076 0.9864399433135986 0.10605417937040329
  outer loop
   vertex -0.018738130569458007 0.09926461029052734 -1.0144835815429687
   vertex -0.006279051780700684 0.10005796051025391 -1.0071480102539063
   vertex -0.006279051780700684 0.10082254028320313 -1.0142595825195313
  endloop
 endfacet
 facet normal 0.84417325258255 0.3923478126525879 0.3652872145175934
  outer loop
   vertex 0.08090170288085938 0.09327192687988281 -1.0924803466796875
   vertex 0.08763066864013672 0.09264377593994141 -1.107356201171875
   vertex 0.08090170288085938 0.10014133453369141 -1.099858642578125
  endloop
 endfacet
 facet normal 0.7703133225440979 0.4965122640132904 0.4001162648200989
  outer loop
   vertex 0.08090170288085938 0.09327192687988281 -1.0924803466796875
   vertex 0.07289686584472656 0.09469257354736328 -1.0788321533203125
   vertex 0.08090170288085938 0.08694638824462891 -1.084630859375
  endloop
 endfacet
 facet normal 0.8441735506057739 0.3923468291759491 0.3652873933315277
  outer loop
   vertex 0.08090170288085938 0.09327192687988281 -1.0924803466796875
   vertex 0.08763066864013672 0.08525859832763671 -1.0994239501953125
   vertex 0.08763066864013672 0.09264377593994141 -1.107356201171875
  endloop
 endfacet
 facet normal 0.8441736102104187 0.4174056351184845 0.3363678753376007
  outer loop
   vertex 0.08090170288085938 0.09327192687988281 -1.0924803466796875
   vertex 0.08090170288085938 0.08694638824462891 -1.084630859375
   vertex 0.08763066864013672 0.07845812225341797 -1.090985107421875
  endloop
 endfacet
 facet normal 0.8441735506057739 0.4174056351184845 0.3363680839538574
  outer loop
   vertex 0.08090170288085938 0.09327192687988281 -1.0924803466796875
   vertex 0.08763066864013672 0.07845812225341797 -1.090985107421875
   vertex 0.08763066864013672 0.08525859832763671 -1.0994239501953125
  endloop
 endfacet
 facet normal -0.0 0.9841110706329346 0.17755386233329773
  outer loop
   vertex -0.006279051780700684 0.10209249877929688 -1.0212984619140626
   vertex 0.006279051780700684 0.10082254028320313 -1.0142595825195313
   vertex 0.006279051780700684 0.10209249877929688 -1.0212984619140626
  endloop
 endfacet
 facet normal -0.12525489926338196 0.9763608574867249 0.17615555226802826
  outer loop
   vertex -0.006279051780700684 0.10209249877929688 -1.0212984619140626
   vertex -0.018738130569458007 0.09926461029052734 -1.0144835815429687
   vertex -0.006279051780700684 0.10082254028320313 -1.0142595825195313
  endloop
 endfacet
 facet normal 0.0 0.9841110706329346 0.17755386233329773
  outer loop
   vertex -0.006279051780700684 0.10209249877929688 -1.0212984619140626
   vertex -0.006279051780700684 0.10082254028320313 -1.0142595825195313
   vertex 0.006279051780700684 0.10082254028320313 -1.0142595825195313
  endloop
 endfacet
 facet normal 0.1252533197402954 0.9613064527511597 0.2453600913286209
  outer loop
   vertex 0.006279051780700684 0.10386136627197266 -1.0282288818359375
   vertex 0.018738130569458007 0.10055451965332031 -1.021633056640625
   vertex 0.018738130569458007 0.1023511734008789 -1.0286722412109375
  endloop
 endfacet
 facet normal 0.1252552568912506 0.9613069891929626 0.24535666406154633
  outer loop
   vertex 0.006279051780700684 0.10386136627197266 -1.0282288818359375
   vertex 0.006279051780700684 0.10209249877929688 -1.0212984619140626
   vertex 0.018738130569458007 0.10055451965332031 -1.021633056640625
  endloop
 endfacet
 facet normal 0.24854148924350739 0.9190535545349121 0.3058883547782898
  outer loop
   vertex 0.018738130569458007 0.1046454315185547 -1.0355654296875
   vertex 0.018738130569458007 0.1023511734008789 -1.0286722412109375
   vertex 0.03090169906616211 0.09935460662841797 -1.0295521240234375
  endloop
 endfacet
 facet normal 0.12525291740894318 0.9413543939590454 0.31331074237823486
  outer loop
   vertex 0.018738130569458007 0.1046454315185547 -1.0355654296875
   vertex 0.006279051780700684 0.10386136627197266 -1.0282288818359375
   vertex 0.018738130569458007 0.1023511734008789 -1.0286722412109375
  endloop
 endfacet
 facet normal 0.24854186177253723 0.9190536737442017 0.30588769912719727
  outer loop
   vertex 0.018738130569458007 0.1046454315185547 -1.0355654296875
   vertex 0.03090169906616211 0.09935460662841797 -1.0295521240234375
   vertex 0.03090169906616211 0.10171926879882813 -1.0366568603515625
  endloop
 endfacet
 facet normal 0.36792123317718506 0.8590752482414246 0.3558421730995178
  outer loop
   vertex 0.03090169906616211 0.10458474731445312 -1.04357470703125
   vertex 0.03090169906616211 0.10171926879882813 -1.0366568603515625
   vertex 0.042577930450439457 0.10037956237792969 -1.0454951171875
  endloop
 endfacet
 facet normal 0.481516569852829 0.7837327718734741 0.3923068642616272
  outer loop
   vertex 0.042577930450439457 0.10387897491455078 -1.052486083984375
   vertex 0.042577930450439457 0.10037956237792969 -1.0454951171875
   vertex 0.05358267974853516 0.09487637329101563 -1.04800830078125
  endloop
 endfacet
 facet normal 0.4815179705619812 0.7837331891059875 0.39230427145957947
  outer loop
   vertex 0.042577930450439457 0.10387897491455078 -1.052486083984375
   vertex 0.05358267974853516 0.09487637329101563 -1.04800830078125
   vertex 0.05358267974853516 0.09856909179687501 -1.055385498046875
  endloop
 endfacet
 facet normal 0.5875378847122192 0.6959198117256165 0.4129101634025574
  outer loop
   vertex 0.05358267974853516 0.10277867889404298 -1.0624803466796875
   vertex 0.05358267974853516 0.09856909179687501 -1.055385498046875
   vertex 0.06374239730834962 0.09209053039550781 -1.0589229736328125
  endloop
 endfacet
 facet normal 0.5875400900840759 0.6959205269813538 0.4129059612751007
  outer loop
   vertex 0.05358267974853516 0.10277867889404298 -1.0624803466796875
   vertex 0.06374239730834962 0.09209053039550781 -1.0589229736328125
   vertex 0.06374239730834962 0.0965689926147461 -1.0664710693359376
  endloop
 endfacet
 facet normal 0.4815180003643036 0.753746747970581 0.4472205936908722
  outer loop
   vertex 0.05358267974853516 0.10277867889404298 -1.0624803466796875
   vertex 0.042577930450439457 0.10387897491455078 -1.052486083984375
   vertex 0.05358267974853516 0.09856909179687501 -1.055385498046875
  endloop
 endfacet
 facet normal -0.3679218292236328 0.9292643070220947 0.03318879008293152
  outer loop
   vertex -0.042577930450439457 0.0907617416381836 -1.0078128662109376
   vertex -0.042577930450439457 0.09048270416259765 -1.0
   vertex -0.03090169906616211 0.09510565185546875 -1.0
  endloop
 endfacet
 facet normal -0.3679216802120209 0.92926424741745 0.033188559114933014
  outer loop
   vertex -0.042577930450439457 0.0907617416381836 -1.0078128662109376
   vertex -0.03090169906616211 0.09510565185546875 -1.0
   vertex -0.03090169906616211 0.09537290954589844 -1.0074830932617187
  endloop
 endfacet
 facet normal 0.5875400900840759 0.664690375328064 0.4615010917186737
  outer loop
   vertex 0.06374239730834962 0.10157451629638672 -1.073680419921875
   vertex 0.05358267974853516 0.10277867889404298 -1.0624803466796875
   vertex 0.06374239730834962 0.0965689926147461 -1.0664710693359376
  endloop
 endfacet
 facet normal 0.6843156814575195 0.5989691019058228 0.41587018966674805
  outer loop
   vertex 0.06374239730834962 0.10157451629638672 -1.073680419921875
   vertex 0.06374239730834962 0.0965689926147461 -1.0664710693359376
   vertex 0.07289686584472656 0.08933705902099609 -1.0711187744140624
  endloop
 endfacet
 facet normal 0.6843144297599792 0.5989686846733093 0.4158729314804077
  outer loop
   vertex 0.06374239730834962 0.10157451629638672 -1.073680419921875
   vertex 0.07289686584472656 0.08933705902099609 -1.0711187744140624
   vertex 0.07289686584472656 0.09469257354736328 -1.0788321533203125
  endloop
 endfacet
 facet normal -0.3679215610027313 0.9245290756225586 0.099397212266922
  outer loop
   vertex -0.03090169906616211 0.09617332458496095 -1.0149280395507814
   vertex -0.042577930450439457 0.0907617416381836 -1.0078128662109376
   vertex -0.03090169906616211 0.09537290954589844 -1.0074830932617187
  endloop
 endfacet
 facet normal -0.24854181706905365 0.9630712866783142 0.10354093462228775
  outer loop
   vertex -0.03090169906616211 0.09617332458496095 -1.0149280395507814
   vertex -0.03090169906616211 0.09537290954589844 -1.0074830932617187
   vertex -0.018738130569458007 0.09848802947998048 -1.00726025390625
  endloop
 endfacet
 facet normal -0.2485412210226059 0.9630715250968933 0.10353994369506836
  outer loop
   vertex -0.03090169906616211 0.09617332458496095 -1.0149280395507814
   vertex -0.018738130569458007 0.09848802947998048 -1.00726025390625
   vertex -0.018738130569458007 0.09926461029052734 -1.0144835815429687
  endloop
 endfacet
 facet normal 0.770312488079071 0.4667070806026459 0.4345148503780365
  outer loop
   vertex 0.07289686584472656 0.10058470153808594 -1.086143798828125
   vertex 0.08090170288085938 0.10014133453369141 -1.099858642578125
   vertex 0.07289686584472656 0.10698343658447265 -1.0930166015625
  endloop
 endfacet
 facet normal 0.770313560962677 0.4667046070098877 0.4345155656337738
  outer loop
   vertex 0.07289686584472656 0.10058470153808594 -1.086143798828125
   vertex 0.08090170288085938 0.09327192687988281 -1.0924803466796875
   vertex 0.08090170288085938 0.10014133453369141 -1.099858642578125
  endloop
 endfacet
 facet normal 0.770313560962677 0.4965115785598755 0.4001164734363556
  outer loop
   vertex 0.07289686584472656 0.10058470153808594 -1.086143798828125
   vertex 0.07289686584472656 0.09469257354736328 -1.0788321533203125
   vertex 0.08090170288085938 0.09327192687988281 -1.0924803466796875
  endloop
 endfacet
 facet normal -0.2485412359237671 0.9532310366630554 0.17198209464550018
  outer loop
   vertex -0.018738130569458007 0.10055451965332031 -1.021633056640625
   vertex -0.03090169906616211 0.09617332458496095 -1.0149280395507814
   vertex -0.018738130569458007 0.09926461029052734 -1.0144835815429687
  endloop
 endfacet
 facet normal -0.12525510787963867 0.9763607978820801 0.17615516483783722
  outer loop
   vertex -0.018738130569458007 0.10055451965332031 -1.021633056640625
   vertex -0.018738130569458007 0.09926461029052734 -1.0144835815429687
   vertex -0.006279051780700684 0.10209249877929688 -1.0212984619140626
  endloop
 endfacet
 facet normal -0.0 0.968937873840332 0.24730432033538818
  outer loop
   vertex -0.006279051780700684 0.10386136627197266 -1.0282288818359375
   vertex 0.006279051780700684 0.10209249877929688 -1.0212984619140626
   vertex 0.006279051780700684 0.10386136627197266 -1.0282288818359375
  endloop
 endfacet
 facet normal 0.0 0.968937873840332 0.24730432033538818
  outer loop
   vertex -0.006279051780700684 0.10386136627197266 -1.0282288818359375
   vertex -0.006279051780700684 0.10209249877929688 -1.0212984619140626
   vertex 0.006279051780700684 0.10209249877929688 -1.0212984619140626
  endloop
 endfacet
 facet normal 0.1252547800540924 0.9413530826568604 0.3133137822151184
  outer loop
   vertex 0.006279051780700684 0.1061201400756836 -1.035015380859375
   vertex 0.006279051780700684 0.10386136627197266 -1.0282288818359375
   vertex 0.018738130569458007 0.1046454315185547 -1.0355654296875
  endloop
 endfacet
 facet normal 0.24854205548763275 0.8948895335197449 0.3706744909286499
  outer loop
   vertex 0.018738130569458007 0.10742559051513673 -1.04227734375
   vertex 0.018738130569458007 0.1046454315185547 -1.0355654296875
   vertex 0.03090169906616211 0.10171926879882813 -1.0366568603515625
  endloop
 endfacet
 facet normal 0.24854068458080292 0.8948889970779419 0.37067675590515137
  outer loop
   vertex 0.018738130569458007 0.10742559051513673 -1.04227734375
   vertex 0.03090169906616211 0.10171926879882813 -1.0366568603515625
   vertex 0.03090169906616211 0.10458474731445312 -1.04357470703125
  endloop
 endfacet
 facet normal 0.36792105436325073 0.8315014243125916 0.41622063517570496
  outer loop
   vertex 0.03090169906616211 0.10793643188476562 -1.0502705078125
   vertex 0.03090169906616211 0.10458474731445312 -1.04357470703125
   vertex 0.042577930450439457 0.10037956237792969 -1.0454951171875
  endloop
 endfacet
 facet normal 0.3679223954677582 0.8315019011497498 0.4162183105945587
  outer loop
   vertex 0.03090169906616211 0.10793643188476562 -1.0502705078125
   vertex 0.042577930450439457 0.10037956237792969 -1.0454951171875
   vertex 0.042577930450439457 0.10387897491455078 -1.052486083984375
  endloop
 endfacet
 facet normal 0.36792245507240295 0.7996876239776611 0.4744814932346344
  outer loop
   vertex 0.042577930450439457 0.10786818695068359 -1.05920947265625
   vertex 0.03090169906616211 0.10793643188476562 -1.0502705078125
   vertex 0.042577930450439457 0.10387897491455078 -1.052486083984375
  endloop
 endfacet
 facet normal 0.48151928186416626 0.7537450194358826 0.4472222328186035
  outer loop
   vertex 0.042577930450439457 0.10786818695068359 -1.05920947265625
   vertex 0.042577930450439457 0.10387897491455078 -1.052486083984375
   vertex 0.05358267974853516 0.10277867889404298 -1.0624803466796875
  endloop
 endfacet
 facet normal -0.48151785135269165 0.8758777976036072 0.031281813979148865
  outer loop
   vertex -0.05358267974853516 0.08472724151611329 -1.0082444458007813
   vertex -0.05358267974853516 0.08443279266357422 -1.0
   vertex -0.042577930450439457 0.09048270416259765 -1.0
  endloop
 endfacet
 facet normal -0.48151805996894836 0.8758777379989624 0.031282030045986176
  outer loop
   vertex -0.05358267974853516 0.08472724151611329 -1.0082444458007813
   vertex -0.042577930450439457 0.09048270416259765 -1.0
   vertex -0.042577930450439457 0.0907617416381836 -1.0078128662109376
  endloop
 endfacet
 facet normal 0.5875409245491028 0.6646890640258789 0.46150198578834534
  outer loop
   vertex 0.05358267974853516 0.10748368072509766 -1.0692568359375
   vertex 0.05358267974853516 0.10277867889404298 -1.0624803466796875
   vertex 0.06374239730834962 0.10157451629638672 -1.073680419921875
  endloop
 endfacet
 facet normal -0.36792147159576416 0.9245290756225586 0.09939736127853394
  outer loop
   vertex -0.042577930450439457 0.0915974349975586 -1.0155859375
   vertex -0.042577930450439457 0.0907617416381836 -1.0078128662109376
   vertex -0.03090169906616211 0.09617332458496095 -1.0149280395507814
  endloop
 endfacet
 facet normal -0.4815179407596588 0.8714144825935364 0.09368694573640823
  outer loop
   vertex -0.042577930450439457 0.0915974349975586 -1.0155859375
   vertex -0.05358267974853516 0.08472724151611329 -1.0082444458007813
   vertex -0.042577930450439457 0.0907617416381836 -1.0078128662109376
  endloop
 endfacet
 facet normal 0.6843152642250061 0.5336874723434448 0.49688059091567993
  outer loop
   vertex 0.06374239730834962 0.1070815887451172 -1.0805142822265625
   vertex 0.07289686584472656 0.10698343658447265 -1.0930166015625
   vertex 0.06374239730834962 0.11306215667724609 -1.0869378662109375
  endloop
 endfacet
 facet normal 0.6843143701553345 0.5677754878997803 0.4575422406196594
  outer loop
   vertex 0.06374239730834962 0.1070815887451172 -1.0805142822265625
   vertex 0.06374239730834962 0.10157451629638672 -1.073680419921875
   vertex 0.07289686584472656 0.09469257354736328 -1.0788321533203125
  endloop
 endfacet
 facet normal 0.6843131184577942 0.5336916446685791 0.4968790113925934
  outer loop
   vertex 0.06374239730834962 0.1070815887451172 -1.0805142822265625
   vertex 0.07289686584472656 0.10058470153808594 -1.086143798828125
   vertex 0.07289686584472656 0.10698343658447265 -1.0930166015625
  endloop
 endfacet
 facet normal 0.6843132972717285 0.5677750110626221 0.4575444757938385
  outer loop
   vertex 0.06374239730834962 0.1070815887451172 -1.0805142822265625
   vertex 0.07289686584472656 0.09469257354736328 -1.0788321533203125
   vertex 0.07289686584472656 0.10058470153808594 -1.086143798828125
  endloop
 endfacet
 facet normal -0.24854092299938202 0.9532310366630554 0.17198264598846436
  outer loop
   vertex -0.03090169906616211 0.09750281524658204 -1.022296875
   vertex -0.03090169906616211 0.09617332458496095 -1.0149280395507814
   vertex -0.018738130569458007 0.10055451965332031 -1.021633056640625
  endloop
 endfacet
 facet normal -0.12525328993797302 0.9613072872161865 0.2453567236661911
  outer loop
   vertex -0.018738130569458007 0.1023511734008789 -1.0286722412109375
   vertex -0.006279051780700684 0.10209249877929688 -1.0212984619140626
   vertex -0.006279051780700684 0.10386136627197266 -1.0282288818359375
  endloop
 endfacet
 facet normal -0.1252552568912506 0.9613062143325806 0.24536003172397614
  outer loop
   vertex -0.018738130569458007 0.1023511734008789 -1.0286722412109375
   vertex -0.018738130569458007 0.10055451965332031 -1.021633056640625
   vertex -0.006279051780700684 0.10209249877929688 -1.0212984619140626
  endloop
 endfacet
 facet normal 0.0 0.948825478553772 0.31580087542533875
  outer loop
   vertex -0.006279051780700684 0.1061201400756836 -1.035015380859375
   vertex -0.006279051780700684 0.10386136627197266 -1.0282288818359375
   vertex 0.006279051780700684 0.10386136627197266 -1.0282288818359375
  endloop
 endfacet
 facet normal -0.12525290250778198 0.9413533210754395 0.31331387162208557
  outer loop
   vertex -0.006279051780700684 0.1061201400756836 -1.035015380859375
   vertex -0.018738130569458007 0.1023511734008789 -1.0286722412109375
   vertex -0.006279051780700684 0.10386136627197266 -1.0282288818359375
  endloop
 endfacet
 facet normal -0.0 0.948825478553772 0.31580087542533875
  outer loop
   vertex -0.006279051780700684 0.1061201400756836 -1.035015380859375
   vertex 0.006279051780700684 0.10386136627197266 -1.0282288818359375
   vertex 0.006279051780700684 0.1061201400756836 -1.035015380859375
  endloop
 endfacet
 facet normal 0.12525755167007446 0.9166036248207092 0.3796687126159668
  outer loop
   vertex 0.006279051780700684 0.10885730743408203 -1.0416234130859374
   vertex 0.018738130569458007 0.1046454315185547 -1.0355654296875
   vertex 0.018738130569458007 0.10742559051513673 -1.04227734375
  endloop
 endfacet
 facet normal 0.125254824757576 0.9166020750999451 0.3796733021736145
  outer loop
   vertex 0.006279051780700684 0.10885730743408203 -1.0416234130859374
   vertex 0.006279051780700684 0.1061201400756836 -1.035015380859375
   vertex 0.018738130569458007 0.1046454315185547 -1.0355654296875
  endloop
 endfacet
 facet normal 0.24854052066802979 0.8661655783653259 0.43357232213020325
  outer loop
   vertex 0.018738130569458007 0.11067749023437501 -1.0487738037109375
   vertex 0.03090169906616211 0.10458474731445312 -1.04357470703125
   vertex 0.03090169906616211 0.10793643188476562 -1.0502705078125
  endloop
 endfacet
 facet normal 0.24854063987731934 0.8661655783653259 0.43357208371162415
  outer loop
   vertex 0.018738130569458007 0.11067749023437501 -1.0487738037109375
   vertex 0.018738130569458007 0.10742559051513673 -1.04227734375
   vertex 0.03090169906616211 0.10458474731445312 -1.04357470703125
  endloop
 endfacet
 facet normal 0.12525802850723267 0.8871822953224182 0.4440923035144806
  outer loop
   vertex 0.018738130569458007 0.11067749023437501 -1.0487738037109375
   vertex 0.006279051780700684 0.10885730743408203 -1.0416234130859374
   vertex 0.018738130569458007 0.10742559051513673 -1.04227734375
  endloop
 endfacet
 facet normal 0.36791855096817017 0.7996925115585327 0.47447630763053894
  outer loop
   vertex 0.03090169906616211 0.11175725555419923 -1.056710205078125
   vertex 0.03090169906616211 0.10793643188476562 -1.0502705078125
   vertex 0.042577930450439457 0.10786818695068359 -1.05920947265625
  endloop
 endfacet
 facet normal -0.5875402092933655 0.8086794018745422 0.028882412239909172
  outer loop
   vertex -0.06374239730834962 0.07736458587646484 -1.0087710571289064
   vertex -0.06374239730834962 0.07705132293701172 -1.0
   vertex -0.05358267974853516 0.08443279266357422 -1.0
  endloop
 endfacet
 facet normal -0.5875398516654968 0.8086796402931213 0.02888190560042858
  outer loop
   vertex -0.06374239730834962 0.07736458587646484 -1.0087710571289064
   vertex -0.05358267974853516 0.08443279266357422 -1.0
   vertex -0.05358267974853516 0.08472724151611329 -1.0082444458007813
  endloop
 endfacet
 facet normal 0.4815194010734558 0.7199223637580872 0.49985092878341675
  outer loop
   vertex 0.042577930450439457 0.11232688903808594 -1.0656312255859375
   vertex 0.042577930450439457 0.10786818695068359 -1.05920947265625
   vertex 0.05358267974853516 0.10277867889404298 -1.0624803466796875
  endloop
 endfacet
 facet normal 0.4815192222595215 0.7199222445487976 0.4998511075973511
  outer loop
   vertex 0.042577930450439457 0.11232688903808594 -1.0656312255859375
   vertex 0.05358267974853516 0.10277867889404298 -1.0624803466796875
   vertex 0.05358267974853516 0.10748368072509766 -1.0692568359375
  endloop
 endfacet
 facet normal -0.48151782155036926 0.8714145421981812 0.09368716180324554
  outer loop
   vertex -0.05358267974853516 0.08560910034179688 -1.0164468994140625
   vertex -0.05358267974853516 0.08472724151611329 -1.0082444458007813
   vertex -0.042577930450439457 0.0915974349975586 -1.0155859375
  endloop
 endfacet
 facet normal 0.5875400900840759 0.5922468900680542 0.5513983964920044
  outer loop
   vertex 0.05358267974853516 0.1126601333618164 -1.075680419921875
   vertex 0.06374239730834962 0.11306215667724609 -1.0869378662109375
   vertex 0.05358267974853516 0.11828164672851563 -1.0817183837890625
  endloop
 endfacet
 facet normal 0.5875412225723267 0.5922448039054871 0.5513994097709656
  outer loop
   vertex 0.05358267974853516 0.1126601333618164 -1.075680419921875
   vertex 0.06374239730834962 0.1070815887451172 -1.0805142822265625
   vertex 0.06374239730834962 0.11306215667724609 -1.0869378662109375
  endloop
 endfacet
 facet normal 0.5875409841537476 0.630072295665741 0.5077444911003113
  outer loop
   vertex 0.05358267974853516 0.1126601333618164 -1.075680419921875
   vertex 0.05358267974853516 0.10748368072509766 -1.0692568359375
   vertex 0.06374239730834962 0.10157451629638672 -1.073680419921875
  endloop
 endfacet
 facet normal 0.5875411629676819 0.6300723552703857 0.5077441930770874
  outer loop
   vertex 0.05358267974853516 0.1126601333618164 -1.075680419921875
   vertex 0.06374239730834962 0.10157451629638672 -1.073680419921875
   vertex 0.06374239730834962 0.1070815887451172 -1.0805142822265625
  endloop
 endfacet
 facet normal -0.3679213523864746 0.9150826930999756 0.1650984287261963
  outer loop
   vertex -0.042577930450439457 0.09298551940917969 -1.0232796020507813
   vertex -0.042577930450439457 0.0915974349975586 -1.0155859375
   vertex -0.03090169906616211 0.09617332458496095 -1.0149280395507814
  endloop
 endfacet
 facet normal -0.36792218685150146 0.9150821566581726 0.16509978473186493
  outer loop
   vertex -0.042577930450439457 0.09298551940917969 -1.0232796020507813
   vertex -0.03090169906616211 0.09617332458496095 -1.0149280395507814
   vertex -0.03090169906616211 0.09750281524658204 -1.022296875
  endloop
 endfacet
 facet normal -0.3679223954677582 0.9009726047515869 0.22995948791503906
  outer loop
   vertex -0.03090169906616211 0.09935460662841797 -1.0295521240234375
   vertex -0.042577930450439457 0.09298551940917969 -1.0232796020507813
   vertex -0.03090169906616211 0.09750281524658204 -1.022296875
  endloop
 endfacet
 facet normal -0.2485406994819641 0.9385334253311157 0.23954631388187408
  outer loop
   vertex -0.03090169906616211 0.09935460662841797 -1.0295521240234375
   vertex -0.03090169906616211 0.09750281524658204 -1.022296875
   vertex -0.018738130569458007 0.10055451965332031 -1.021633056640625
  endloop
 endfacet
 facet normal -0.2485414296388626 0.9385330080986023 0.239547461271286
  outer loop
   vertex -0.03090169906616211 0.09935460662841797 -1.0295521240234375
   vertex -0.018738130569458007 0.10055451965332031 -1.021633056640625
   vertex -0.018738130569458007 0.1023511734008789 -1.0286722412109375
  endloop
 endfacet
 facet normal -0.1252547800540924 0.9413541555404663 0.3133106529712677
  outer loop
   vertex -0.018738130569458007 0.1046454315185547 -1.0355654296875
   vertex -0.018738130569458007 0.1023511734008789 -1.0286722412109375
   vertex -0.006279051780700684 0.1061201400756836 -1.035015380859375
  endloop
 endfacet
 facet normal -0.125254824757576 0.9166020750999451 0.3796733021736145
  outer loop
   vertex -0.006279051780700684 0.10885730743408203 -1.0416234130859374
   vertex -0.018738130569458007 0.1046454315185547 -1.0355654296875
   vertex -0.006279051780700684 0.1061201400756836 -1.035015380859375
  endloop
 endfacet
 facet normal 0.0 0.923878014087677 0.38268712162971497
  outer loop
   vertex -0.006279051780700684 0.10885730743408203 -1.0416234130859374
   vertex -0.006279051780700684 0.1061201400756836 -1.035015380859375
   vertex 0.006279051780700684 0.1061201400756836 -1.035015380859375
  endloop
 endfacet
 facet normal -0.0 0.923878014087677 0.38268712162971497
  outer loop
   vertex -0.006279051780700684 0.10885730743408203 -1.0416234130859374
   vertex 0.006279051780700684 0.1061201400756836 -1.035015380859375
   vertex 0.006279051780700684 0.10885730743408203 -1.0416234130859374
  endloop
 endfacet
 facet normal 0.1252577155828476 0.8871825933456421 0.44409188628196716
  outer loop
   vertex 0.006279051780700684 0.11205891418457031 -1.0480194091796875
   vertex 0.006279051780700684 0.10885730743408203 -1.0416234130859374
   vertex 0.018738130569458007 0.11067749023437501 -1.0487738037109375
  endloop
 endfacet
 facet normal 0.24854178726673126 0.8330294489860535 0.49425598978996277
  outer loop
   vertex 0.018738130569458007 0.11438455200195313 -1.055021728515625
   vertex 0.03090169906616211 0.10793643188476562 -1.0502705078125
   vertex 0.03090169906616211 0.11175725555419923 -1.056710205078125
  endloop
 endfacet
 facet normal 0.24854037165641785 0.8330285549163818 0.49425819516181946
  outer loop
   vertex 0.018738130569458007 0.11438455200195313 -1.055021728515625
   vertex 0.018738130569458007 0.11067749023437501 -1.0487738037109375
   vertex 0.03090169906616211 0.10793643188476562 -1.0502705078125
  endloop
 endfacet
 facet normal -0.7703136205673218 0.6372588872909546 0.022759540006518364
  outer loop
   vertex -0.07289686584472656 0.06878987121582031 -1.0093843383789063
   vertex -0.08090170288085938 0.058778526306152344 -1.0
   vertex -0.07289686584472656 0.06845471191406251 -1.0
  endloop
 endfacet
 facet normal -0.6843149065971375 0.7287219762802124 0.026026124134659767
  outer loop
   vertex -0.07289686584472656 0.06878987121582031 -1.0093843383789063
   vertex -0.07289686584472656 0.06845471191406251 -1.0
   vertex -0.06374239730834962 0.07705132293701172 -1.0
  endloop
 endfacet
 facet normal -0.6843152046203613 0.7287216782569885 0.026026716455817223
  outer loop
   vertex -0.07289686584472656 0.06878987121582031 -1.0093843383789063
   vertex -0.06374239730834962 0.07705132293701172 -1.0
   vertex -0.06374239730834962 0.07736458587646484 -1.0087710571289064
  endloop
 endfacet
 facet normal 0.36792001128196716 0.7638042569160461 0.5303187370300293
  outer loop
   vertex 0.03090169906616211 0.11602774810791015 -1.06286083984375
   vertex 0.042577930450439457 0.10786818695068359 -1.05920947265625
   vertex 0.042577930450439457 0.11232688903808594 -1.0656312255859375
  endloop
 endfacet
 facet normal 0.3679182231426239 0.7638030648231506 0.5303216576576233
  outer loop
   vertex 0.03090169906616211 0.11602774810791015 -1.06286083984375
   vertex 0.03090169906616211 0.11175725555419923 -1.056710205078125
   vertex 0.042577930450439457 0.10786818695068359 -1.05920947265625
  endloop
 endfacet
 facet normal -0.587540328502655 0.8045583367347717 0.08649933338165283
  outer loop
   vertex -0.06374239730834962 0.07830276489257813 -1.0174974365234375
   vertex -0.05358267974853516 0.08472724151611329 -1.0082444458007813
   vertex -0.05358267974853516 0.08560910034179688 -1.0164468994140625
  endloop
 endfacet
 facet normal -0.6843152642250061 0.7250083088874817 0.07794614136219025
  outer loop
   vertex -0.06374239730834962 0.07830276489257813 -1.0174974365234375
   vertex -0.07289686584472656 0.06878987121582031 -1.0093843383789063
   vertex -0.06374239730834962 0.07736458587646484 -1.0087710571289064
  endloop
 endfacet
 facet normal -0.5875399708747864 0.8045588135719299 0.08649866282939911
  outer loop
   vertex -0.06374239730834962 0.07830276489257813 -1.0174974365234375
   vertex -0.06374239730834962 0.07736458587646484 -1.0087710571289064
   vertex -0.05358267974853516 0.08472724151611329 -1.0082444458007813
  endloop
 endfacet
 facet normal 0.481519490480423 0.6824330687522888 0.5499309301376343
  outer loop
   vertex 0.042577930450439457 0.11723235321044922 -1.0717186279296875
   vertex 0.042577930450439457 0.11232688903808594 -1.0656312255859375
   vertex 0.05358267974853516 0.10748368072509766 -1.0692568359375
  endloop
 endfacet
 facet normal 0.4815155565738678 0.6414614319801331 0.5972185134887695
  outer loop
   vertex 0.042577930450439457 0.11723235321044922 -1.0717186279296875
   vertex 0.05358267974853516 0.1126601333618164 -1.075680419921875
   vertex 0.05358267974853516 0.11828164672851563 -1.0817183837890625
  endloop
 endfacet
 facet normal 0.4815186560153961 0.6414564251899719 0.5972213745117188
  outer loop
   vertex 0.042577930450439457 0.11723235321044922 -1.0717186279296875
   vertex 0.05358267974853516 0.11828164672851563 -1.0817183837890625
   vertex 0.042577930450439457 0.12255957794189454 -1.0774404296875
  endloop
 endfacet
 facet normal 0.367919921875 0.7240300178527832 0.5834513902664185
  outer loop
   vertex 0.042577930450439457 0.11723235321044922 -1.0717186279296875
   vertex 0.03090169906616211 0.11602774810791015 -1.06286083984375
   vertex 0.042577930450439457 0.11232688903808594 -1.0656312255859375
  endloop
 endfacet
 facet normal 0.4815157651901245 0.6824305057525635 0.5499374866485596
  outer loop
   vertex 0.042577930450439457 0.11723235321044922 -1.0717186279296875
   vertex 0.05358267974853516 0.10748368072509766 -1.0692568359375
   vertex 0.05358267974853516 0.1126601333618164 -1.075680419921875
  endloop
 endfacet
 facet normal -0.4815177023410797 0.8625108599662781 0.1556142270565033
  outer loop
   vertex -0.05358267974853516 0.08707386779785156 -1.0245655517578125
   vertex -0.05358267974853516 0.08560910034179688 -1.0164468994140625
   vertex -0.042577930450439457 0.0915974349975586 -1.0155859375
  endloop
 endfacet
 facet normal -0.4815172255039215 0.8625112175941467 0.15561352670192719
  outer loop
   vertex -0.05358267974853516 0.08707386779785156 -1.0245655517578125
   vertex -0.042577930450439457 0.0915974349975586 -1.0155859375
   vertex -0.042577930450439457 0.09298551940917969 -1.0232796020507813
  endloop
 endfacet
 facet normal -0.3679226338863373 0.9009726643562317 0.2299591600894928
  outer loop
   vertex -0.042577930450439457 0.0949189224243164 -1.0308546142578126
   vertex -0.042577930450439457 0.09298551940917969 -1.0232796020507813
   vertex -0.03090169906616211 0.09935460662841797 -1.0295521240234375
  endloop
 endfacet
 facet normal -0.2485414743423462 0.9190537333488464 0.30588772892951965
  outer loop
   vertex -0.03090169906616211 0.10171926879882813 -1.0366568603515625
   vertex -0.03090169906616211 0.09935460662841797 -1.0295521240234375
   vertex -0.018738130569458007 0.1023511734008789 -1.0286722412109375
  endloop
 endfacet
 facet normal -0.24854186177253723 0.9190534949302673 0.3058883249759674
  outer loop
   vertex -0.03090169906616211 0.10171926879882813 -1.0366568603515625
   vertex -0.018738130569458007 0.1023511734008789 -1.0286722412109375
   vertex -0.018738130569458007 0.1046454315185547 -1.0355654296875
  endloop
 endfacet
 facet normal -0.12525756657123566 0.9166036248207092 0.3796687126159668
  outer loop
   vertex -0.018738130569458007 0.10742559051513673 -1.04227734375
   vertex -0.018738130569458007 0.1046454315185547 -1.0355654296875
   vertex -0.006279051780700684 0.10885730743408203 -1.0416234130859374
  endloop
 endfacet
 facet normal 0.0 0.8942252993583679 0.44761717319488525
  outer loop
   vertex -0.006279051780700684 0.11205891418457031 -1.0480194091796875
   vertex -0.006279051780700684 0.10885730743408203 -1.0416234130859374
   vertex 0.006279051780700684 0.10885730743408203 -1.0416234130859374
  endloop
 endfacet
 facet normal -0.0 0.8942252993583679 0.44761717319488525
  outer loop
   vertex -0.006279051780700684 0.11205891418457031 -1.0480194091796875
   vertex 0.006279051780700684 0.10885730743408203 -1.0416234130859374
   vertex 0.006279051780700684 0.11205891418457031 -1.0480194091796875
  endloop
 endfacet
 facet normal 0.12525814771652222 0.853243887424469 0.5062463283538818
  outer loop
   vertex 0.006279051780700684 0.1157086410522461 -1.0541707763671875
   vertex 0.006279051780700684 0.11205891418457031 -1.0480194091796875
   vertex 0.018738130569458007 0.11067749023437501 -1.0487738037109375
  endloop
 endfacet
 facet normal 0.12525509297847748 0.8532414436340332 0.5062510967254639
  outer loop
   vertex 0.006279051780700684 0.1157086410522461 -1.0541707763671875
   vertex 0.018738130569458007 0.11067749023437501 -1.0487738037109375
   vertex 0.018738130569458007 0.11438455200195313 -1.055021728515625
  endloop
 endfacet
 facet normal 0.0 0.8600171804428101 0.5102651119232178
  outer loop
   vertex 0.006279051780700684 0.1157086410522461 -1.0541707763671875
   vertex -0.006279051780700684 0.11205891418457031 -1.0480194091796875
   vertex 0.006279051780700684 0.11205891418457031 -1.0480194091796875
  endloop
 endfacet
 facet normal -0.8441734313964844 0.5357285141944885 0.019133422523736954
  outer loop
   vertex -0.08090170288085938 0.05913833999633789 -1.0100746459960939
   vertex -0.08763066864013672 0.04817536926269531 -1.0
   vertex -0.08090170288085938 0.058778526306152344 -1.0
  endloop
 endfacet
 facet normal -0.7703136205673218 0.6372588276863098 0.022759554907679558
  outer loop
   vertex -0.08090170288085938 0.05913833999633789 -1.0100746459960939
   vertex -0.08090170288085938 0.058778526306152344 -1.0
   vertex -0.07289686584472656 0.06878987121582031 -1.0093843383789063
  endloop
 endfacet
 facet normal 0.24854116141796112 0.7956438064575195 0.5524293184280396
  outer loop
   vertex 0.018738130569458007 0.11852790069580078 -1.0609892578125
   vertex 0.03090169906616211 0.11175725555419923 -1.056710205078125
   vertex 0.03090169906616211 0.11602774810791015 -1.06286083984375
  endloop
 endfacet
 facet normal 0.24854183197021484 0.7956442832946777 0.5524283051490784
  outer loop
   vertex 0.018738130569458007 0.11852790069580078 -1.0609892578125
   vertex 0.018738130569458007 0.11438455200195313 -1.055021728515625
   vertex 0.03090169906616211 0.11175725555419923 -1.056710205078125
  endloop
 endfacet
 facet normal 0.12525515258312225 0.8149505257606506 0.5658328533172607
  outer loop
   vertex 0.018738130569458007 0.11852790069580078 -1.0609892578125
   vertex 0.006279051780700684 0.1157086410522461 -1.0541707763671875
   vertex 0.018738130569458007 0.11438455200195313 -1.055021728515625
  endloop
 endfacet
 facet normal -0.6843147873878479 0.7250086665153503 0.07794711738824844
  outer loop
   vertex -0.07289686584472656 0.06979365539550782 -1.0187208251953126
   vertex -0.07289686584472656 0.06878987121582031 -1.0093843383789063
   vertex -0.06374239730834962 0.07830276489257813 -1.0174974365234375
  endloop
 endfacet
 facet normal 0.36792171001434326 0.6805592775344849 0.6336187720298767
  outer loop
   vertex 0.03090169906616211 0.12072614288330079 -1.068691162109375
   vertex 0.042577930450439457 0.12255957794189454 -1.0774404296875
   vertex 0.03090169906616211 0.1258284912109375 -1.0741715087890624
  endloop
 endfacet
 facet normal 0.36792540550231934 0.6805537343025208 0.6336225271224976
  outer loop
   vertex 0.03090169906616211 0.12072614288330079 -1.068691162109375
   vertex 0.042577930450439457 0.11723235321044922 -1.0717186279296875
   vertex 0.042577930450439457 0.12255957794189454 -1.0774404296875
  endloop
 endfacet
 facet normal 0.36792516708374023 0.724022626876831 0.5834572315216064
  outer loop
   vertex 0.03090169906616211 0.12072614288330079 -1.068691162109375
   vertex 0.03090169906616211 0.11602774810791015 -1.06286083984375
   vertex 0.042577930450439457 0.11723235321044922 -1.0717186279296875
  endloop
 endfacet
 facet normal -0.5875405669212341 0.7963376641273499 0.14367470145225525
  outer loop
   vertex -0.06374239730834962 0.079861083984375 -1.0261346435546874
   vertex -0.06374239730834962 0.07830276489257813 -1.0174974365234375
   vertex -0.05358267974853516 0.08560910034179688 -1.0164468994140625
  endloop
 endfacet
 facet normal -0.5875408053398132 0.796337366104126 0.14367519319057465
  outer loop
   vertex -0.06374239730834962 0.079861083984375 -1.0261346435546874
   vertex -0.05358267974853516 0.08560910034179688 -1.0164468994140625
   vertex -0.05358267974853516 0.08707386779785156 -1.0245655517578125
  endloop
 endfacet
 facet normal -0.481518030166626 0.8492118120193481 0.21674798429012299
  outer loop
   vertex -0.05358267974853516 0.08911407470703125 -1.03255908203125
   vertex -0.042577930450439457 0.09298551940917969 -1.0232796020507813
   vertex -0.042577930450439457 0.0949189224243164 -1.0308546142578126
  endloop
 endfacet
 facet normal -0.48151707649230957 0.8492127060890198 0.2167464792728424
  outer loop
   vertex -0.05358267974853516 0.08911407470703125 -1.03255908203125
   vertex -0.05358267974853516 0.08707386779785156 -1.0245655517578125
   vertex -0.042577930450439457 0.09298551940917969 -1.0232796020507813
  endloop
 endfacet
 facet normal -0.36792290210723877 0.8822709321975708 0.2936508059501648
  outer loop
   vertex -0.042577930450439457 0.09738780212402344 -1.0382723388671875
   vertex -0.042577930450439457 0.0949189224243164 -1.0308546142578126
   vertex -0.03090169906616211 0.09935460662841797 -1.0295521240234375
  endloop
 endfacet
 facet normal -0.3679199516773224 0.8822736740112305 0.2936462461948395
  outer loop
   vertex -0.042577930450439457 0.09738780212402344 -1.0382723388671875
   vertex -0.03090169906616211 0.09935460662841797 -1.0295521240234375
   vertex -0.03090169906616211 0.10171926879882813 -1.0366568603515625
  endloop
 endfacet
 facet normal -0.3679196238517761 0.8590758442878723 0.3558424115180969
  outer loop
   vertex -0.03090169906616211 0.10458474731445312 -1.04357470703125
   vertex -0.042577930450439457 0.09738780212402344 -1.0382723388671875
   vertex -0.03090169906616211 0.10171926879882813 -1.0366568603515625
  endloop
 endfacet
 facet normal -0.24854199588298798 0.8948885798454285 0.3706766366958618
  outer loop
   vertex -0.03090169906616211 0.10458474731445312 -1.04357470703125
   vertex -0.03090169906616211 0.10171926879882813 -1.0366568603515625
   vertex -0.018738130569458007 0.1046454315185547 -1.0355654296875
  endloop
 endfacet
 facet normal -0.24854068458080292 0.8948898911476135 0.37067463994026184
  outer loop
   vertex -0.03090169906616211 0.10458474731445312 -1.04357470703125
   vertex -0.018738130569458007 0.1046454315185547 -1.0355654296875
   vertex -0.018738130569458007 0.10742559051513673 -1.04227734375
  endloop
 endfacet
 facet normal -0.12525802850723267 0.8871822953224182 0.4440923035144806
  outer loop
   vertex -0.018738130569458007 0.11067749023437501 -1.0487738037109375
   vertex -0.018738130569458007 0.10742559051513673 -1.04227734375
   vertex -0.006279051780700684 0.10885730743408203 -1.0416234130859374
  endloop
 endfacet
 facet normal -0.1252577155828476 0.8871825933456421 0.4440918564796448
  outer loop
   vertex -0.018738130569458007 0.11067749023437501 -1.0487738037109375
   vertex -0.006279051780700684 0.10885730743408203 -1.0416234130859374
   vertex -0.006279051780700684 0.11205891418457031 -1.0480194091796875
  endloop
 endfacet
 facet normal -0.0 0.8600171804428101 0.5102651119232178
  outer loop
   vertex -0.006279051780700684 0.1157086410522461 -1.0541707763671875
   vertex -0.006279051780700684 0.11205891418457031 -1.0480194091796875
   vertex 0.006279051780700684 0.1157086410522461 -1.0541707763671875
  endloop
 endfacet
 facet normal -0.8441734313964844 0.5357285737991333 0.01913345977663994
  outer loop
   vertex -0.08763066864013672 0.04856219863891602 -1.0108310546875001
   vertex -0.08763066864013672 0.04817536926269531 -1.0
   vertex -0.08090170288085938 0.05913833999633789 -1.0100746459960939
  endloop
 endfacet
 facet normal 0.12525485455989838 0.8149507641792297 0.5658324956893921
  outer loop
   vertex 0.006279051780700684 0.11978791046142578 -1.0600460205078126
   vertex 0.006279051780700684 0.1157086410522461 -1.0541707763671875
   vertex 0.018738130569458007 0.11852790069580078 -1.0609892578125
  endloop
 endfacet
 facet normal -0.7703136205673218 0.6340115070343018 0.0681636855006218
  outer loop
   vertex -0.08090170288085938 0.060215957641601564 -1.020097900390625
   vertex -0.08090170288085938 0.05913833999633789 -1.0100746459960939
   vertex -0.07289686584472656 0.06878987121582031 -1.0093843383789063
  endloop
 endfacet
 facet normal -0.8441734313964844 0.5329986214637756 0.05730361491441727
  outer loop
   vertex -0.08090170288085938 0.060215957641601564 -1.020097900390625
   vertex -0.08763066864013672 0.04856219863891602 -1.0108310546875001
   vertex -0.08090170288085938 0.05913833999633789 -1.0100746459960939
  endloop
 endfacet
 facet normal -0.7703137397766113 0.6340113282203674 0.06816378980875015
  outer loop
   vertex -0.08090170288085938 0.060215957641601564 -1.020097900390625
   vertex -0.07289686584472656 0.06878987121582031 -1.0093843383789063
   vertex -0.07289686584472656 0.06979365539550782 -1.0187208251953126
  endloop
 endfacet
 facet normal 0.24854245781898499 0.7089284062385559 0.6600357890129089
  outer loop
   vertex 0.018738130569458007 0.12308640289306641 -1.06664599609375
   vertex 0.03090169906616211 0.1258284912109375 -1.0741715087890624
   vertex 0.018738130569458007 0.1280368347167969 -1.071963134765625
  endloop
 endfacet
 facet normal 0.24854056537151337 0.708931028842926 0.6600337028503418
  outer loop
   vertex 0.018738130569458007 0.12308640289306641 -1.06664599609375
   vertex 0.03090169906616211 0.12072614288330079 -1.068691162109375
   vertex 0.03090169906616211 0.1258284912109375 -1.0741715087890624
  endloop
 endfacet
 facet normal 0.24854111671447754 0.7542078495025635 0.6077810525894165
  outer loop
   vertex 0.018738130569458007 0.12308640289306641 -1.06664599609375
   vertex 0.018738130569458007 0.11852790069580078 -1.0609892578125
   vertex 0.03090169906616211 0.11602774810791015 -1.06286083984375
  endloop
 endfacet
 facet normal 0.24854058027267456 0.7542073726654053 0.6077818274497986
  outer loop
   vertex 0.018738130569458007 0.12308640289306641 -1.06664599609375
   vertex 0.03090169906616211 0.11602774810791015 -1.06286083984375
   vertex 0.03090169906616211 0.12072614288330079 -1.068691162109375
  endloop
 endfacet
 facet normal -0.684314489364624 0.7176011800765991 0.1294691562652588
  outer loop
   vertex -0.07289686584472656 0.07146092987060547 -1.0279619140625
   vertex -0.06374239730834962 0.07830276489257813 -1.0174974365234375
   vertex -0.06374239730834962 0.079861083984375 -1.0261346435546874
  endloop
 endfacet
 facet normal -0.6843146085739136 0.71760094165802 0.1294693499803543
  outer loop
   vertex -0.07289686584472656 0.07146092987060547 -1.0279619140625
   vertex -0.07289686584472656 0.06979365539550782 -1.0187208251953126
   vertex -0.06374239730834962 0.07830276489257813 -1.0174974365234375
  endloop
 endfacet
 facet normal -0.5875409841537476 0.7840586304664612 0.20011909306049347
  outer loop
   vertex -0.06374239730834962 0.08203160858154297 -1.034638671875
   vertex -0.06374239730834962 0.079861083984375 -1.0261346435546874
   vertex -0.05358267974853516 0.08707386779785156 -1.0245655517578125
  endloop
 endfacet
 facet normal -0.5875398516654968 0.7840598821640015 0.20011739432811737
  outer loop
   vertex -0.06374239730834962 0.08203160858154297 -1.034638671875
   vertex -0.05358267974853516 0.08707386779785156 -1.0245655517578125
   vertex -0.05358267974853516 0.08911407470703125 -1.03255908203125
  endloop
 endfacet
 facet normal -0.5875399112701416 0.7677849531173706 0.25554490089416504
  outer loop
   vertex -0.05358267974853516 0.0917193374633789 -1.0403865966796875
   vertex -0.06374239730834962 0.08203160858154297 -1.034638671875
   vertex -0.05358267974853516 0.08911407470703125 -1.03255908203125
  endloop
 endfacet
 facet normal -0.48151853680610657 0.8315842747688293 0.27678048610687256
  outer loop
   vertex -0.05358267974853516 0.0917193374633789 -1.0403865966796875
   vertex -0.042577930450439457 0.0949189224243164 -1.0308546142578126
   vertex -0.042577930450439457 0.09738780212402344 -1.0382723388671875
  endloop
 endfacet
 facet normal -0.48151805996894836 0.8315848708152771 0.2767796814441681
  outer loop
   vertex -0.05358267974853516 0.0917193374633789 -1.0403865966796875
   vertex -0.05358267974853516 0.08911407470703125 -1.03255908203125
   vertex -0.042577930450439457 0.0949189224243164 -1.0308546142578126
  endloop
 endfacet
 facet normal -0.4815187156200409 0.8097215890884399 0.33539628982543945
  outer loop
   vertex -0.042577930450439457 0.10037956237792969 -1.0454951171875
   vertex -0.05358267974853516 0.0917193374633789 -1.0403865966796875
   vertex -0.042577930450439457 0.09738780212402344 -1.0382723388671875
  endloop
 endfacet
 facet normal -0.36792120337486267 0.8590763807296753 0.3558395802974701
  outer loop
   vertex -0.042577930450439457 0.10037956237792969 -1.0454951171875
   vertex -0.042577930450439457 0.09738780212402344 -1.0382723388671875
   vertex -0.03090169906616211 0.10458474731445312 -1.04357470703125
  endloop
 endfacet
 facet normal -0.24854052066802979 0.8661656379699707 0.43357208371162415
  outer loop
   vertex -0.03090169906616211 0.10793643188476562 -1.0502705078125
   vertex -0.018738130569458007 0.10742559051513673 -1.04227734375
   vertex -0.018738130569458007 0.11067749023437501 -1.0487738037109375
  endloop
 endfacet
 facet normal -0.24854063987731934 0.8661654591560364 0.43357226252555847
  outer loop
   vertex -0.03090169906616211 0.10793643188476562 -1.0502705078125
   vertex -0.03090169906616211 0.10458474731445312 -1.04357470703125
   vertex -0.018738130569458007 0.10742559051513673 -1.04227734375
  endloop
 endfacet
 facet normal -0.24854037165641785 0.8330285549163818 0.49425819516181946
  outer loop
   vertex -0.018738130569458007 0.11438455200195313 -1.055021728515625
   vertex -0.03090169906616211 0.10793643188476562 -1.0502705078125
   vertex -0.018738130569458007 0.11067749023437501 -1.0487738037109375
  endloop
 endfacet
 facet normal -0.12525507807731628 0.8532441854476929 0.5062465667724609
  outer loop
   vertex -0.018738130569458007 0.11438455200195313 -1.055021728515625
   vertex -0.006279051780700684 0.11205891418457031 -1.0480194091796875
   vertex -0.006279051780700684 0.1157086410522461 -1.0541707763671875
  endloop
 endfacet
 facet normal -0.12525813281536102 0.8532412052154541 0.5062509179115295
  outer loop
   vertex -0.018738130569458007 0.11438455200195313 -1.055021728515625
   vertex -0.018738130569458007 0.11067749023437501 -1.0487738037109375
   vertex -0.006279051780700684 0.11205891418457031 -1.0480194091796875
  endloop
 endfacet
 facet normal -0.9047225713729858 0.42572975158691406 0.01520497351884842
  outer loop
   vertex -0.09297764587402343 0.03722823715209961 -1.0116416625976563
   vertex -0.09297764587402343 0.036812454223632815 -1.0
   vertex -0.08763066864013672 0.04817536926269531 -1.0
  endloop
 endfacet
 facet normal -0.9047225117683411 0.4257298707962036 0.015204867348074913
  outer loop
   vertex -0.09297764587402343 0.03722823715209961 -1.0116416625976563
   vertex -0.08763066864013672 0.04817536926269531 -1.0
   vertex -0.08763066864013672 0.04856219863891602 -1.0108310546875001
  endloop
 endfacet
 facet normal -0.12525513768196106 0.8149507641792297 0.5658324956893921
  outer loop
   vertex -0.006279051780700684 0.11978791046142578 -1.0600460205078126
   vertex -0.018738130569458007 0.11438455200195313 -1.055021728515625
   vertex -0.006279051780700684 0.1157086410522461 -1.0541707763671875
  endloop
 endfacet
 facet normal 0.0 0.8214198350906372 0.5703240036964417
  outer loop
   vertex -0.006279051780700684 0.11978791046142578 -1.0600460205078126
   vertex -0.006279051780700684 0.1157086410522461 -1.0541707763671875
   vertex 0.006279051780700684 0.1157086410522461 -1.0541707763671875
  endloop
 endfacet
 facet normal -0.0 0.8214198350906372 0.5703240036964417
  outer loop
   vertex -0.006279051780700684 0.11978791046142578 -1.0600460205078126
   vertex 0.006279051780700684 0.1157086410522461 -1.0541707763671875
   vertex 0.006279051780700684 0.11978791046142578 -1.0600460205078126
  endloop
 endfacet
 facet normal -0.8441734910011292 0.5329985618591309 0.05730343237519264
  outer loop
   vertex -0.08763066864013672 0.049720722198486327 -1.0216068725585938
   vertex -0.08763066864013672 0.04856219863891602 -1.0108310546875001
   vertex -0.08090170288085938 0.060215957641601564 -1.020097900390625
  endloop
 endfacet
 facet normal -0.9047225713729858 0.4235604703426361 0.045537590980529785
  outer loop
   vertex -0.08763066864013672 0.049720722198486327 -1.0216068725585938
   vertex -0.09297764587402343 0.03722823715209961 -1.0116416625976563
   vertex -0.08763066864013672 0.04856219863891602 -1.0108310546875001
  endloop
 endfacet
 facet normal 0.12525664269924164 0.7725083231925964 0.6225284934043884
  outer loop
   vertex 0.006279051780700684 0.12427590942382813 -1.065615234375
   vertex 0.018738130569458007 0.11852790069580078 -1.0609892578125
   vertex 0.018738130569458007 0.12308640289306641 -1.06664599609375
  endloop
 endfacet
 facet normal 0.12525345385074615 0.726134717464447 0.6760473251342773
  outer loop
   vertex 0.006279051780700684 0.12427590942382813 -1.065615234375
   vertex 0.018738130569458007 0.1280368347167969 -1.071963134765625
   vertex 0.006279051780700684 0.12914979553222655 -1.0708502197265626
  endloop
 endfacet
 facet normal 0.0 0.7786386609077454 0.6274726390838623
  outer loop
   vertex 0.006279051780700684 0.12427590942382813 -1.065615234375
   vertex -0.006279051780700684 0.11978791046142578 -1.0600460205078126
   vertex 0.006279051780700684 0.11978791046142578 -1.0600460205078126
  endloop
 endfacet
 facet normal 0.12525682151317596 0.7261303663253784 0.6760513782501221
  outer loop
   vertex 0.006279051780700684 0.12427590942382813 -1.065615234375
   vertex 0.018738130569458007 0.12308640289306641 -1.06664599609375
   vertex 0.018738130569458007 0.1280368347167969 -1.071963134765625
  endloop
 endfacet
 facet normal 0.12525486946105957 0.7725064754486084 0.622530996799469
  outer loop
   vertex 0.006279051780700684 0.12427590942382813 -1.065615234375
   vertex 0.006279051780700684 0.11978791046142578 -1.0600460205078126
   vertex 0.018738130569458007 0.11852790069580078 -1.0609892578125
  endloop
 endfacet
 facet normal -0.7703137993812561 0.6275333762168884 0.11321908235549927
  outer loop
   vertex -0.08090170288085938 0.06200587844848633 -1.030018798828125
   vertex -0.08090170288085938 0.060215957641601564 -1.020097900390625
   vertex -0.07289686584472656 0.06979365539550782 -1.0187208251953126
  endloop
 endfacet
 facet normal -0.7703139185905457 0.6275331377983093 0.11321937292814255
  outer loop
   vertex -0.08090170288085938 0.06200587844848633 -1.030018798828125
   vertex -0.07289686584472656 0.06979365539550782 -1.0187208251953126
   vertex -0.07289686584472656 0.07146092987060547 -1.0279619140625
  endloop
 endfacet
 facet normal -0.6843142509460449 0.706536591053009 0.18033279478549957
  outer loop
   vertex -0.07289686584472656 0.07378321838378907 -1.037060546875
   vertex -0.07289686584472656 0.07146092987060547 -1.0279619140625
   vertex -0.06374239730834962 0.079861083984375 -1.0261346435546874
  endloop
 endfacet
 facet normal -0.7703139781951904 0.6178570985794067 0.15769867599010468
  outer loop
   vertex -0.07289686584472656 0.07378321838378907 -1.037060546875
   vertex -0.08090170288085938 0.06200587844848633 -1.030018798828125
   vertex -0.07289686584472656 0.07146092987060547 -1.0279619140625
  endloop
 endfacet
 facet normal -0.6843143105506897 0.7065366506576538 0.18033280968666077
  outer loop
   vertex -0.07289686584472656 0.07378321838378907 -1.037060546875
   vertex -0.06374239730834962 0.079861083984375 -1.0261346435546874
   vertex -0.06374239730834962 0.08203160858154297 -1.034638671875
  endloop
 endfacet
 facet normal -0.5875408053398132 0.7677847743034363 0.2555430233478546
  outer loop
   vertex -0.06374239730834962 0.0848032684326172 -1.0429661865234374
   vertex -0.06374239730834962 0.08203160858154297 -1.034638671875
   vertex -0.05358267974853516 0.0917193374633789 -1.0403865966796875
  endloop
 endfacet
 facet normal -0.4815167188644409 0.8097212910652161 0.33539992570877075
  outer loop
   vertex -0.05358267974853516 0.09487637329101563 -1.04800830078125
   vertex -0.05358267974853516 0.0917193374633789 -1.0403865966796875
   vertex -0.042577930450439457 0.10037956237792969 -1.0454951171875
  endloop
 endfacet
 facet normal -0.3679223656654358 0.8315008282661438 0.41622036695480347
  outer loop
   vertex -0.042577930450439457 0.10387897491455078 -1.052486083984375
   vertex -0.03090169906616211 0.10458474731445312 -1.04357470703125
   vertex -0.03090169906616211 0.10793643188476562 -1.0502705078125
  endloop
 endfacet
 facet normal -0.36792105436325073 0.831502377986908 0.4162185490131378
  outer loop
   vertex -0.042577930450439457 0.10387897491455078 -1.052486083984375
   vertex -0.042577930450439457 0.10037956237792969 -1.0454951171875
   vertex -0.03090169906616211 0.10458474731445312 -1.04357470703125
  endloop
 endfacet
 facet normal -0.24854178726673126 0.8330294489860535 0.4942559599876404
  outer loop
   vertex -0.03090169906616211 0.11175725555419923 -1.056710205078125
   vertex -0.03090169906616211 0.10793643188476562 -1.0502705078125
   vertex -0.018738130569458007 0.11438455200195313 -1.055021728515625
  endloop
 endfacet
 facet normal -0.9509986042976379 0.3089982569217682 0.011035885661840439
  outer loop
   vertex -0.09685831451416016 0.025315202713012696 -1.0124937133789063
   vertex -0.09297764587402343 0.036812454223632815 -1.0
   vertex -0.09297764587402343 0.03722823715209961 -1.0116416625976563
  endloop
 endfacet
 facet normal -0.9509986042976379 0.3089982867240906 0.011035914532840252
  outer loop
   vertex -0.09685831451416016 0.025315202713012696 -1.0124937133789063
   vertex -0.09685831451416016 0.024868988037109376 -1.0
   vertex -0.09297764587402343 0.036812454223632815 -1.0
  endloop
 endfacet
 facet normal -0.12525488436222076 0.8149505853652954 0.5658329129219055
  outer loop
   vertex -0.018738130569458007 0.11852790069580078 -1.0609892578125
   vertex -0.018738130569458007 0.11438455200195313 -1.055021728515625
   vertex -0.006279051780700684 0.11978791046142578 -1.0600460205078126
  endloop
 endfacet
 facet normal -0.9047226309776306 0.42356041073799133 0.04553751274943352
  outer loop
   vertex -0.09297764587402343 0.03847346878051758 -1.0232239990234375
   vertex -0.09297764587402343 0.03722823715209961 -1.0116416625976563
   vertex -0.08763066864013672 0.049720722198486327 -1.0216068725585938
  endloop
 endfacet
 facet normal 0.0 0.7318984866142273 0.6814135909080505
  outer loop
   vertex -0.006279051780700684 0.12427590942382813 -1.065615234375
   vertex 0.006279051780700684 0.12914979553222655 -1.0708502197265626
   vertex -0.006279051780700684 0.12914979553222655 -1.0708502197265626
  endloop
 endfacet
 facet normal -0.0 0.7786386609077454 0.6274726390838623
  outer loop
   vertex -0.006279051780700684 0.12427590942382813 -1.065615234375
   vertex -0.006279051780700684 0.11978791046142578 -1.0600460205078126
   vertex 0.006279051780700684 0.12427590942382813 -1.065615234375
  endloop
 endfacet
 facet normal -0.0 0.7318984866142273 0.6814135909080505
  outer loop
   vertex -0.006279051780700684 0.12427590942382813 -1.065615234375
   vertex 0.006279051780700684 0.12427590942382813 -1.065615234375
   vertex 0.006279051780700684 0.12914979553222655 -1.0708502197265626
  endloop
 endfacet
 facet normal -0.8441736698150635 0.5275523066520691 0.09518060833215714
  outer loop
   vertex -0.08763066864013672 0.05164503479003906 -1.032272705078125
   vertex -0.08090170288085938 0.060215957641601564 -1.020097900390625
   vertex -0.08090170288085938 0.06200587844848633 -1.030018798828125
  endloop
 endfacet
 facet normal -0.9047225713729858 0.41923266649246216 0.07563728839159012
  outer loop
   vertex -0.08763066864013672 0.05164503479003906 -1.032272705078125
   vertex -0.09297764587402343 0.03847346878051758 -1.0232239990234375
   vertex -0.08763066864013672 0.049720722198486327 -1.0216068725585938
  endloop
 endfacet
 facet normal -0.8441734910011292 0.5275526642799377 0.0951802209019661
  outer loop
   vertex -0.08763066864013672 0.05164503479003906 -1.032272705078125
   vertex -0.08763066864013672 0.049720722198486327 -1.0216068725585938
   vertex -0.08090170288085938 0.060215957641601564 -1.020097900390625
  endloop
 endfacet
 facet normal -0.7703144550323486 0.6178568005561829 0.15769776701927185
  outer loop
   vertex -0.08090170288085938 0.06449898529052735 -1.0397867431640626
   vertex -0.08090170288085938 0.06200587844848633 -1.030018798828125
   vertex -0.07289686584472656 0.07378321838378907 -1.037060546875
  endloop
 endfacet
 facet normal -0.8441737294197083 0.5194180607795715 0.13257290422916412
  outer loop
   vertex -0.08090170288085938 0.06449898529052735 -1.0397867431640626
   vertex -0.08763066864013672 0.05164503479003906 -1.032272705078125
   vertex -0.08090170288085938 0.06200587844848633 -1.030018798828125
  endloop
 endfacet
 facet normal -0.684313952922821 0.6918721199035645 0.23027683794498444
  outer loop
   vertex -0.07289686584472656 0.0767486801147461 -1.0459703369140625
   vertex -0.06374239730834962 0.08203160858154297 -1.034638671875
   vertex -0.06374239730834962 0.0848032684326172 -1.0429661865234374
  endloop
 endfacet
 facet normal -0.7703146934509277 0.6050320863723755 0.20137391984462738
  outer loop
   vertex -0.07289686584472656 0.0767486801147461 -1.0459703369140625
   vertex -0.08090170288085938 0.06449898529052735 -1.0397867431640626
   vertex -0.07289686584472656 0.07378321838378907 -1.037060546875
  endloop
 endfacet
 facet normal -0.6843140721321106 0.6918719410896301 0.23027700185775757
  outer loop
   vertex -0.07289686584472656 0.0767486801147461 -1.0459703369140625
   vertex -0.07289686584472656 0.07378321838378907 -1.037060546875
   vertex -0.06374239730834962 0.08203160858154297 -1.034638671875
  endloop
 endfacet
 facet normal -0.587540864944458 0.7475975155830383 0.30966702103614807
  outer loop
   vertex -0.06374239730834962 0.08816194915771484 -1.05107470703125
   vertex -0.06374239730834962 0.0848032684326172 -1.0429661865234374
   vertex -0.05358267974853516 0.0917193374633789 -1.0403865966796875
  endloop
 endfacet
 facet normal -0.5875410437583923 0.747597336769104 0.3096671998500824
  outer loop
   vertex -0.06374239730834962 0.08816194915771484 -1.05107470703125
   vertex -0.05358267974853516 0.0917193374633789 -1.0403865966796875
   vertex -0.05358267974853516 0.09487637329101563 -1.04800830078125
  endloop
 endfacet
 facet normal -0.48151659965515137 0.7837339043617249 0.3923046290874481
  outer loop
   vertex -0.05358267974853516 0.09856909179687501 -1.055385498046875
   vertex -0.05358267974853516 0.09487637329101563 -1.04800830078125
   vertex -0.042577930450439457 0.10037956237792969 -1.0454951171875
  endloop
 endfacet
 facet normal -0.481518030166626 0.7837321162223816 0.39230653643608093
  outer loop
   vertex -0.05358267974853516 0.09856909179687501 -1.055385498046875
   vertex -0.042577930450439457 0.10037956237792969 -1.0454951171875
   vertex -0.042577930450439457 0.10387897491455078 -1.052486083984375
  endloop
 endfacet
 facet normal -0.36792245507240295 0.7996876239776611 0.4744814932346344
  outer loop
   vertex -0.042577930450439457 0.10786818695068359 -1.05920947265625
   vertex -0.042577930450439457 0.10387897491455078 -1.052486083984375
   vertex -0.03090169906616211 0.10793643188476562 -1.0502705078125
  endloop
 endfacet
 facet normal -0.36791861057281494 0.7996925115585327 0.4744763672351837
  outer loop
   vertex -0.042577930450439457 0.10786818695068359 -1.05920947265625
   vertex -0.03090169906616211 0.10793643188476562 -1.0502705078125
   vertex -0.03090169906616211 0.11175725555419923 -1.056710205078125
  endloop
 endfacet
 facet normal -0.9822651743888855 0.18737736344337463 0.006692204158753157
  outer loop
   vertex -0.09921147155761718 0.013010967254638673 -1.0133737182617188
   vertex -0.09685831451416016 0.024868988037109376 -1.0
   vertex -0.09685831451416016 0.025315202713012696 -1.0124937133789063
  endloop
 endfacet
 facet normal -0.9822651743888855 0.18737734854221344 0.006692204158753157
  outer loop
   vertex -0.09921147155761718 0.013010967254638673 -1.0133737182617188
   vertex -0.09921147155761718 0.012533323287963867 -1.0
   vertex -0.09685831451416016 0.024868988037109376 -1.0
  endloop
 endfacet
 facet normal -0.2485411912202835 0.7956445813179016 0.5524284243583679
  outer loop
   vertex -0.03090169906616211 0.11602774810791015 -1.06286083984375
   vertex -0.018738130569458007 0.11438455200195313 -1.055021728515625
   vertex -0.018738130569458007 0.11852790069580078 -1.0609892578125
  endloop
 endfacet
 facet normal -0.24854183197021484 0.7956436276435852 0.55242919921875
  outer loop
   vertex -0.03090169906616211 0.11602774810791015 -1.06286083984375
   vertex -0.03090169906616211 0.11175725555419923 -1.056710205078125
   vertex -0.018738130569458007 0.11438455200195313 -1.055021728515625
  endloop
 endfacet
 facet normal -0.3679182231426239 0.7638030648231506 0.5303216576576233
  outer loop
   vertex -0.03090169906616211 0.11602774810791015 -1.06286083984375
   vertex -0.042577930450439457 0.10786818695068359 -1.05920947265625
   vertex -0.03090169906616211 0.11175725555419923 -1.056710205078125
  endloop
 endfacet
 facet normal -0.9509985446929932 0.3074237108230591 0.033051494508981705
  outer loop
   vertex -0.09685831451416016 0.026651569366455078 -1.0249237060546874
   vertex -0.09297764587402343 0.03722823715209961 -1.0116416625976563
   vertex -0.09297764587402343 0.03847346878051758 -1.0232239990234375
  endloop
 endfacet
 facet normal -0.9509985446929932 0.3074236810207367 0.033051569014787674
  outer loop
   vertex -0.09685831451416016 0.026651569366455078 -1.0249237060546874
   vertex -0.09685831451416016 0.025315202713012696 -1.0124937133789063
   vertex -0.09297764587402343 0.03722823715209961 -1.0116416625976563
  endloop
 endfacet
 facet normal -0.9822651743888855 0.18642252683639526 0.020042557269334793
  outer loop
   vertex -0.09685831451416016 0.026651569366455078 -1.0249237060546874
   vertex -0.09921147155761718 0.013010967254638673 -1.0133737182617188
   vertex -0.09685831451416016 0.025315202713012696 -1.0124937133789063
  endloop
 endfacet
 facet normal -0.12525346875190735 0.7261306643486023 0.6760516166687012
  outer loop
   vertex -0.018738130569458007 0.12308640289306641 -1.06664599609375
   vertex -0.006279051780700684 0.12914979553222655 -1.0708502197265626
   vertex -0.018738130569458007 0.1280368347167969 -1.071963134765625
  endloop
 endfacet
 facet normal -0.12525685131549835 0.7261343598365784 0.6760470867156982
  outer loop
   vertex -0.018738130569458007 0.12308640289306641 -1.06664599609375
   vertex -0.006279051780700684 0.12427590942382813 -1.065615234375
   vertex -0.006279051780700684 0.12914979553222655 -1.0708502197265626
  endloop
 endfacet
 facet normal -0.12525664269924164 0.7725063562393188 0.6225308775901794
  outer loop
   vertex -0.018738130569458007 0.12308640289306641 -1.06664599609375
   vertex -0.006279051780700684 0.11978791046142578 -1.0600460205078126
   vertex -0.006279051780700684 0.12427590942382813 -1.065615234375
  endloop
 endfacet
 facet normal -0.12525486946105957 0.772508442401886 0.6225286722183228
  outer loop
   vertex -0.018738130569458007 0.12308640289306641 -1.06664599609375
   vertex -0.018738130569458007 0.11852790069580078 -1.0609892578125
   vertex -0.006279051780700684 0.11978791046142578 -1.0600460205078126
  endloop
 endfacet
 facet normal -0.24854111671447754 0.7542078495025635 0.6077810525894165
  outer loop
   vertex -0.018738130569458007 0.12308640289306641 -1.06664599609375
   vertex -0.03090169906616211 0.11602774810791015 -1.06286083984375
   vertex -0.018738130569458007 0.11852790069580078 -1.0609892578125
  endloop
 endfacet
 facet normal -0.9047223925590515 0.4192330837249756 0.07563802599906921
  outer loop
   vertex -0.09297764587402343 0.04054180145263672 -1.03468798828125
   vertex -0.09297764587402343 0.03847346878051758 -1.0232239990234375
   vertex -0.08763066864013672 0.05164503479003906 -1.032272705078125
  endloop
 endfacet
 facet normal -0.844173014163971 0.5194187760353088 0.13257478177547455
  outer loop
   vertex -0.08763066864013672 0.05432533264160156 -1.04277392578125
   vertex -0.08763066864013672 0.05164503479003906 -1.032272705078125
   vertex -0.08090170288085938 0.06449898529052735 -1.0397867431640626
  endloop
 endfacet
 facet normal -0.7703136801719666 0.6050326228141785 0.20137640833854675
  outer loop
   vertex -0.08090170288085938 0.06768257904052735 -1.049351806640625
   vertex -0.08090170288085938 0.06449898529052735 -1.0397867431640626
   vertex -0.07289686584472656 0.0767486801147461 -1.0459703369140625
  endloop
 endfacet
 facet normal -0.6843151450157166 0.6736798286437988 0.2790490984916687
  outer loop
   vertex -0.07289686584472656 0.08034219360351563 -1.0546458740234375
   vertex -0.06374239730834962 0.0848032684326172 -1.0429661865234374
   vertex -0.06374239730834962 0.08816194915771484 -1.05107470703125
  endloop
 endfacet
 facet normal -0.6843138933181763 0.6736817955970764 0.2790472209453583
  outer loop
   vertex -0.07289686584472656 0.08034219360351563 -1.0546458740234375
   vertex -0.07289686584472656 0.0767486801147461 -1.0459703369140625
   vertex -0.06374239730834962 0.0848032684326172 -1.0429661865234374
  endloop
 endfacet
 facet normal -0.5875410437583923 0.7236013412475586 0.362210750579834
  outer loop
   vertex -0.06374239730834962 0.09209053039550781 -1.0589229736328125
   vertex -0.06374239730834962 0.08816194915771484 -1.05107470703125
   vertex -0.05358267974853516 0.09487637329101563 -1.04800830078125
  endloop
 endfacet
 facet normal -0.5875381231307983 0.7236055731773376 0.3622068762779236
  outer loop
   vertex -0.06374239730834962 0.09209053039550781 -1.0589229736328125
   vertex -0.05358267974853516 0.09487637329101563 -1.04800830078125
   vertex -0.05358267974853516 0.09856909179687501 -1.055385498046875
  endloop
 endfacet
 facet normal -0.5875378847122192 0.6959198117256165 0.4129101634025574
  outer loop
   vertex -0.05358267974853516 0.10277867889404298 -1.0624803466796875
   vertex -0.06374239730834962 0.09209053039550781 -1.0589229736328125
   vertex -0.05358267974853516 0.09856909179687501 -1.055385498046875
  endloop
 endfacet
 facet normal -0.48151925206184387 0.7537450194358826 0.44722217321395874
  outer loop
   vertex -0.05358267974853516 0.10277867889404298 -1.0624803466796875
   vertex -0.042577930450439457 0.10387897491455078 -1.052486083984375
   vertex -0.042577930450439457 0.10786818695068359 -1.05920947265625
  endloop
 endfacet
 facet normal -0.4815180003643036 0.753746747970581 0.4472205936908722
  outer loop
   vertex -0.05358267974853516 0.10277867889404298 -1.0624803466796875
   vertex -0.05358267974853516 0.09856909179687501 -1.055385498046875
   vertex -0.042577930450439457 0.10387897491455078 -1.052486083984375
  endloop
 endfacet
 facet normal -0.9980242252349854 0.06279024481773376 0.002242565155029297
  outer loop
   vertex -0.1 0.0005095770955085754 -1.014267822265625
   vertex -0.09921147155761718 0.012533323287963867 -1.0
   vertex -0.09921147155761718 0.013010967254638673 -1.0133737182617188
  endloop
 endfacet
 facet normal -0.9980242252349854 0.06279024481773376 0.002242561662569642
  outer loop
   vertex -0.1 0.0005095770955085754 -1.014267822265625
   vertex -0.1 1.2098029284098034e-16 -1.0
   vertex -0.09921147155761718 0.012533323287963867 -1.0
  endloop
 endfacet
 facet normal -0.36792004108428955 0.7638042569160461 0.5303187370300293
  outer loop
   vertex -0.042577930450439457 0.11232688903808594 -1.0656312255859375
   vertex -0.042577930450439457 0.10786818695068359 -1.05920947265625
   vertex -0.03090169906616211 0.11602774810791015 -1.06286083984375
  endloop
 endfacet
 facet normal -0.9822652339935303 0.1864224076271057 0.020042426884174347
  outer loop
   vertex -0.09921147155761718 0.014441463470458984 -1.0266793212890626
   vertex -0.09921147155761718 0.013010967254638673 -1.0133737182617188
   vertex -0.09685831451416016 0.026651569366455078 -1.0249237060546874
  endloop
 endfacet
 facet normal -0.2485424131155014 0.7089307308197021 0.6600332856178284
  outer loop
   vertex -0.03090169906616211 0.12072614288330079 -1.068691162109375
   vertex -0.018738130569458007 0.1280368347167969 -1.071963134765625
   vertex -0.03090169906616211 0.1258284912109375 -1.0741715087890624
  endloop
 endfacet
 facet normal -0.2485404908657074 0.7089287042617798 0.6600360870361328
  outer loop
   vertex -0.03090169906616211 0.12072614288330079 -1.068691162109375
   vertex -0.018738130569458007 0.12308640289306641 -1.06664599609375
   vertex -0.018738130569458007 0.1280368347167969 -1.071963134765625
  endloop
 endfacet
 facet normal -0.24854058027267456 0.7542073726654053 0.6077818274497986
  outer loop
   vertex -0.03090169906616211 0.12072614288330079 -1.068691162109375
   vertex -0.03090169906616211 0.11602774810791015 -1.06286083984375
   vertex -0.018738130569458007 0.12308640289306641 -1.06664599609375
  endloop
 endfacet
 facet normal -0.9509984850883484 0.30428266525268555 0.054898329079151154
  outer loop
   vertex -0.09685831451416016 0.028871280670166016 -1.037226806640625
   vertex -0.09685831451416016 0.026651569366455078 -1.0249237060546874
   vertex -0.09297764587402343 0.03847346878051758 -1.0232239990234375
  endloop
 endfacet
 facet normal -0.982265293598175 0.18451757729053497 0.033290449529886246
  outer loop
   vertex -0.09685831451416016 0.028871280670166016 -1.037226806640625
   vertex -0.09921147155761718 0.014441463470458984 -1.0266793212890626
   vertex -0.09685831451416016 0.026651569366455078 -1.0249237060546874
  endloop
 endfacet
 facet normal -0.9509986042976379 0.3042823076248169 0.05489862337708473
  outer loop
   vertex -0.09685831451416016 0.028871280670166016 -1.037226806640625
   vertex -0.09297764587402343 0.03847346878051758 -1.0232239990234375
   vertex -0.09297764587402343 0.04054180145263672 -1.03468798828125
  endloop
 endfacet
 facet normal -0.904722273349762 0.4127691090106964 0.10535316914319992
  outer loop
   vertex -0.09297764587402343 0.043422698974609375 -1.0459752197265626
   vertex -0.09297764587402343 0.04054180145263672 -1.03468798828125
   vertex -0.08763066864013672 0.05164503479003906 -1.032272705078125
  endloop
 endfacet
 facet normal -0.9047225713729858 0.4127684235572815 0.1053536981344223
  outer loop
   vertex -0.09297764587402343 0.043422698974609375 -1.0459752197265626
   vertex -0.08763066864013672 0.05164503479003906 -1.032272705078125
   vertex -0.08763066864013672 0.05432533264160156 -1.04277392578125
  endloop
 endfacet
 facet normal -0.8441736698150635 0.5086362957954407 0.16929228603839874
  outer loop
   vertex -0.08763066864013672 0.05774795150756836 -1.0530572509765626
   vertex -0.08090170288085938 0.06449898529052735 -1.0397867431640626
   vertex -0.08090170288085938 0.06768257904052735 -1.049351806640625
  endloop
 endfacet
 facet normal -0.8441728949546814 0.5086381435394287 0.16929100453853607
  outer loop
   vertex -0.08763066864013672 0.05774795150756836 -1.0530572509765626
   vertex -0.08763066864013672 0.05432533264160156 -1.04277392578125
   vertex -0.08090170288085938 0.06449898529052735 -1.0397867431640626
  endloop
 endfacet
 facet normal -0.770313560962677 0.5891263484954834 0.24402284622192383
  outer loop
   vertex -0.08090170288085938 0.0715404281616211 -1.05866552734375
   vertex -0.08090170288085938 0.06768257904052735 -1.049351806640625
   vertex -0.07289686584472656 0.0767486801147461 -1.0459703369140625
  endloop
 endfacet
 facet normal -0.7703138589859009 0.58912593126297 0.2440231591463089
  outer loop
   vertex -0.08090170288085938 0.0715404281616211 -1.05866552734375
   vertex -0.07289686584472656 0.0767486801147461 -1.0459703369140625
   vertex -0.07289686584472656 0.08034219360351563 -1.0546458740234375
  endloop
 endfacet
 facet normal -0.6843151450157166 0.652057409286499 0.3263954222202301
  outer loop
   vertex -0.07289686584472656 0.08454546356201172 -1.06304296875
   vertex -0.07289686584472656 0.08034219360351563 -1.0546458740234375
   vertex -0.06374239730834962 0.08816194915771484 -1.05107470703125
  endloop
 endfacet
 facet normal -0.7703138589859009 0.5702164769172668 0.2854289412498474
  outer loop
   vertex -0.07289686584472656 0.08454546356201172 -1.06304296875
   vertex -0.08090170288085938 0.0715404281616211 -1.05866552734375
   vertex -0.07289686584472656 0.08034219360351563 -1.0546458740234375
  endloop
 endfacet
 facet normal -0.6843165159225464 0.6520550847053528 0.3263970911502838
  outer loop
   vertex -0.07289686584472656 0.08454546356201172 -1.06304296875
   vertex -0.06374239730834962 0.08816194915771484 -1.05107470703125
   vertex -0.06374239730834962 0.09209053039550781 -1.0589229736328125
  endloop
 endfacet
 facet normal -0.5875400900840759 0.6959205269813538 0.4129059612751007
  outer loop
   vertex -0.06374239730834962 0.0965689926147461 -1.0664710693359376
   vertex -0.06374239730834962 0.09209053039550781 -1.0589229736328125
   vertex -0.05358267974853516 0.10277867889404298 -1.0624803466796875
  endloop
 endfacet
 facet normal -0.9980242252349854 -0.06279024481773376 -0.0022425635252147913
  outer loop
   vertex -0.09921147155761718 -0.011991812705993653 -1.0151619262695313
   vertex -0.1 1.2098029284098034e-16 -1.0
   vertex -0.1 0.0005095770955085754 -1.014267822265625
  endloop
 endfacet
 facet normal -0.9822651743888855 -0.18737734854221344 -0.006692211609333754
  outer loop
   vertex -0.09921147155761718 -0.011991812705993653 -1.0151619262695313
   vertex -0.09685831451416016 -0.024868988037109376 -1.0
   vertex -0.09921147155761718 -0.012533323287963867 -1.0
  endloop
 endfacet
 facet normal -0.9980241656303406 -0.06279024481773376 -0.0022425635252147913
  outer loop
   vertex -0.09921147155761718 -0.011991812705993653 -1.0151619262695313
   vertex -0.09921147155761718 -0.012533323287963867 -1.0
   vertex -0.1 1.2098029284098034e-16 -1.0
  endloop
 endfacet
 facet normal -0.4815193712711334 0.7199222445487976 0.4998511075973511
  outer loop
   vertex -0.05358267974853516 0.10748368072509766 -1.0692568359375
   vertex -0.05358267974853516 0.10277867889404298 -1.0624803466796875
   vertex -0.042577930450439457 0.10786818695068359 -1.05920947265625
  endloop
 endfacet
 facet normal -0.48151928186416626 0.7199223637580872 0.49985095858573914
  outer loop
   vertex -0.05358267974853516 0.10748368072509766 -1.0692568359375
   vertex -0.042577930450439457 0.10786818695068359 -1.05920947265625
   vertex -0.042577930450439457 0.11232688903808594 -1.0656312255859375
  endloop
 endfacet
 facet normal -0.9980242252349854 0.062470290809869766 0.00671622296795249
  outer loop
   vertex -0.1 0.0020357115268707275 -1.0284630126953125
   vertex -0.1 0.0005095770955085754 -1.014267822265625
   vertex -0.09921147155761718 0.013010967254638673 -1.0133737182617188
  endloop
 endfacet
 facet normal -0.9980242848396301 0.06247027963399887 0.006716230418533087
  outer loop
   vertex -0.1 0.0020357115268707275 -1.0284630126953125
   vertex -0.09921147155761718 0.013010967254638673 -1.0133737182617188
   vertex -0.09921147155761718 0.014441463470458984 -1.0266793212890626
  endloop
 endfacet
 facet normal -0.367919921875 0.7240300178527832 0.5834513902664185
  outer loop
   vertex -0.042577930450439457 0.11723235321044922 -1.0717186279296875
   vertex -0.042577930450439457 0.11232688903808594 -1.0656312255859375
   vertex -0.03090169906616211 0.11602774810791015 -1.06286083984375
  endloop
 endfacet
 facet normal -0.3679254651069641 0.6805581450462341 0.6336176991462708
  outer loop
   vertex -0.042577930450439457 0.11723235321044922 -1.0717186279296875
   vertex -0.03090169906616211 0.12072614288330079 -1.068691162109375
   vertex -0.03090169906616211 0.1258284912109375 -1.0741715087890624
  endloop
 endfacet
 facet normal -0.36792176961898804 0.6805547475814819 0.633623480796814
  outer loop
   vertex -0.042577930450439457 0.11723235321044922 -1.0717186279296875
   vertex -0.03090169906616211 0.1258284912109375 -1.0741715087890624
   vertex -0.042577930450439457 0.12255957794189454 -1.0774404296875
  endloop
 endfacet
 facet normal -0.367925226688385 0.724022626876831 0.5834572911262512
  outer loop
   vertex -0.042577930450439457 0.11723235321044922 -1.0717186279296875
   vertex -0.03090169906616211 0.11602774810791015 -1.06286083984375
   vertex -0.03090169906616211 0.12072614288330079 -1.068691162109375
  endloop
 endfacet
 facet normal -0.9822651743888855 0.18451786041259766 0.033290840685367584
  outer loop
   vertex -0.09921147155761718 0.01681752395629883 -1.0398488769531251
   vertex -0.09921147155761718 0.014441463470458984 -1.0266793212890626
   vertex -0.09685831451416016 0.028871280670166016 -1.037226806640625
  endloop
 endfacet
 facet normal -0.9980242848396301 0.061831966042518616 0.011155767366290092
  outer loop
   vertex -0.09921147155761718 0.01681752395629883 -1.0398488769531251
   vertex -0.1 0.0020357115268707275 -1.0284630126953125
   vertex -0.09921147155761718 0.014441463470458984 -1.0266793212890626
  endloop
 endfacet
 facet normal -0.9509986639022827 0.29959046840667725 0.07646626979112625
  outer loop
   vertex -0.09685831451416016 0.03196302604675293 -1.049340087890625
   vertex -0.09685831451416016 0.028871280670166016 -1.037226806640625
   vertex -0.09297764587402343 0.04054180145263672 -1.03468798828125
  endloop
 endfacet
 facet normal -0.9509986042976379 0.2995907962322235 0.07646608352661133
  outer loop
   vertex -0.09685831451416016 0.03196302604675293 -1.049340087890625
   vertex -0.09297764587402343 0.04054180145263672 -1.03468798828125
   vertex -0.09297764587402343 0.043422698974609375 -1.0459752197265626
  endloop
 endfacet
 facet normal -0.9047225117683411 0.4042012393474579 0.13453076779842377
  outer loop
   vertex -0.09297764587402343 0.04710147476196289 -1.0570281982421874
   vertex -0.09297764587402343 0.043422698974609375 -1.0459752197265626
   vertex -0.08763066864013672 0.05432533264160156 -1.04277392578125
  endloop
 endfacet
 facet normal -0.9047226309776306 0.4042009115219116 0.1345309615135193
  outer loop
   vertex -0.09297764587402343 0.04710147476196289 -1.0570281982421874
   vertex -0.08763066864013672 0.05432533264160156 -1.04277392578125
   vertex -0.08763066864013672 0.05774795150756836 -1.0530572509765626
  endloop
 endfacet
 facet normal -0.844173014163971 0.49526527523994446 0.20514452457427979
  outer loop
   vertex -0.08763066864013672 0.06189545822143555 -1.0630701904296875
   vertex -0.08090170288085938 0.06768257904052735 -1.049351806640625
   vertex -0.08090170288085938 0.0715404281616211 -1.05866552734375
  endloop
 endfacet
 facet normal -0.8441736102104187 0.4952636659145355 0.20514549314975739
  outer loop
   vertex -0.08763066864013672 0.06189545822143555 -1.0630701904296875
   vertex -0.08763066864013672 0.05774795150756836 -1.0530572509765626
   vertex -0.08090170288085938 0.06768257904052735 -1.049351806640625
  endloop
 endfacet
 facet normal -0.8441728949546814 0.4793686270713806 0.23995369672775269
  outer loop
   vertex -0.08090170288085938 0.0760528793334961 -1.0676802978515625
   vertex -0.08763066864013672 0.06189545822143555 -1.0630701904296875
   vertex -0.08090170288085938 0.0715404281616211 -1.05866552734375
  endloop
 endfacet
 facet normal -0.7703140377998352 0.5702164769172668 0.2854287028312683
  outer loop
   vertex -0.08090170288085938 0.0760528793334961 -1.0676802978515625
   vertex -0.08090170288085938 0.0715404281616211 -1.05866552734375
   vertex -0.07289686584472656 0.08454546356201172 -1.06304296875
  endloop
 endfacet
 facet normal -0.6843166351318359 0.6271094679832458 0.37208113074302673
  outer loop
   vertex -0.07289686584472656 0.08933705902099609 -1.0711187744140624
   vertex -0.07289686584472656 0.08454546356201172 -1.06304296875
   vertex -0.06374239730834962 0.09209053039550781 -1.0589229736328125
  endloop
 endfacet
 facet normal -0.7703141570091248 0.5484007596969604 0.3253811001777649
  outer loop
   vertex -0.07289686584472656 0.08933705902099609 -1.0711187744140624
   vertex -0.08090170288085938 0.0760528793334961 -1.0676802978515625
   vertex -0.07289686584472656 0.08454546356201172 -1.06304296875
  endloop
 endfacet
 facet normal -0.6843156218528748 0.6271114349365234 0.37207990884780884
  outer loop
   vertex -0.07289686584472656 0.08933705902099609 -1.0711187744140624
   vertex -0.06374239730834962 0.09209053039550781 -1.0589229736328125
   vertex -0.06374239730834962 0.0965689926147461 -1.0664710693359376
  endloop
 endfacet
 facet normal -0.9822652339935303 -0.18737731873989105 -0.006692171096801758
  outer loop
   vertex -0.09685831451416016 -0.024296049118041993 -1.0160419921875001
   vertex -0.09685831451416016 -0.024868988037109376 -1.0
   vertex -0.09921147155761718 -0.011991812705993653 -1.0151619262695313
  endloop
 endfacet
 facet normal -0.9509985446929932 -0.3089982569217682 -0.011035856790840626
  outer loop
   vertex -0.09685831451416016 -0.024296049118041993 -1.0160419921875001
   vertex -0.09297764587402343 -0.036812454223632815 -1.0
   vertex -0.09685831451416016 -0.024868988037109376 -1.0
  endloop
 endfacet
 facet normal -0.5875409245491028 0.6646890640258789 0.46150198578834534
  outer loop
   vertex -0.06374239730834962 0.10157451629638672 -1.073680419921875
   vertex -0.05358267974853516 0.10277867889404298 -1.0624803466796875
   vertex -0.05358267974853516 0.10748368072509766 -1.0692568359375
  endloop
 endfacet
 facet normal -0.5875400900840759 0.664690375328064 0.4615010917186737
  outer loop
   vertex -0.06374239730834962 0.10157451629638672 -1.073680419921875
   vertex -0.06374239730834962 0.0965689926147461 -1.0664710693359376
   vertex -0.05358267974853516 0.10277867889404298 -1.0624803466796875
  endloop
 endfacet
 facet normal -0.6843156814575195 0.5989691019058228 0.41587018966674805
  outer loop
   vertex -0.06374239730834962 0.10157451629638672 -1.073680419921875
   vertex -0.07289686584472656 0.08933705902099609 -1.0711187744140624
   vertex -0.06374239730834962 0.0965689926147461 -1.0664710693359376
  endloop
 endfacet
 facet normal -0.9980242252349854 -0.06247028708457947 -0.006716211326420307
  outer loop
   vertex -0.09921147155761718 -0.010370040893554687 -1.0302467041015626
   vertex -0.09921147155761718 -0.011991812705993653 -1.0151619262695313
   vertex -0.1 0.0005095770955085754 -1.014267822265625
  endloop
 endfacet
 facet normal -0.9980242252349854 -0.06247028335928917 -0.00671622296795249
  outer loop
   vertex -0.09921147155761718 -0.010370040893554687 -1.0302467041015626
   vertex -0.1 0.0005095770955085754 -1.014267822265625
   vertex -0.1 0.0020357115268707275 -1.0284630126953125
  endloop
 endfacet
 facet normal -0.4815155863761902 0.6824347376823425 0.5499322414398193
  outer loop
   vertex -0.05358267974853516 0.1126601333618164 -1.075680419921875
   vertex -0.042577930450439457 0.11232688903808594 -1.0656312255859375
   vertex -0.042577930450439457 0.11723235321044922 -1.0717186279296875
  endloop
 endfacet
 facet normal -0.48151856660842896 0.6414601802825928 0.5972173810005188
  outer loop
   vertex -0.05358267974853516 0.1126601333618164 -1.075680419921875
   vertex -0.042577930450439457 0.12255957794189454 -1.0774404296875
   vertex -0.05358267974853516 0.11828164672851563 -1.0817183837890625
  endloop
 endfacet
 facet normal -0.5875409841537476 0.630072295665741 0.5077444911003113
  outer loop
   vertex -0.05358267974853516 0.1126601333618164 -1.075680419921875
   vertex -0.06374239730834962 0.10157451629638672 -1.073680419921875
   vertex -0.05358267974853516 0.10748368072509766 -1.0692568359375
  endloop
 endfacet
 facet normal -0.4815193712711334 0.6824289560317993 0.5499361753463745
  outer loop
   vertex -0.05358267974853516 0.1126601333618164 -1.075680419921875
   vertex -0.05358267974853516 0.10748368072509766 -1.0692568359375
   vertex -0.042577930450439457 0.11232688903808594 -1.0656312255859375
  endloop
 endfacet
 facet normal -0.4815155267715454 0.6414576768875122 0.597222626209259
  outer loop
   vertex -0.05358267974853516 0.1126601333618164 -1.075680419921875
   vertex -0.042577930450439457 0.11723235321044922 -1.0717186279296875
   vertex -0.042577930450439457 0.12255957794189454 -1.0774404296875
  endloop
 endfacet
 facet normal -0.9980242848396301 0.06183195486664772 0.011155745014548302
  outer loop
   vertex -0.1 0.004570626735687256 -1.0425130615234375
   vertex -0.1 0.0020357115268707275 -1.0284630126953125
   vertex -0.09921147155761718 0.01681752395629883 -1.0398488769531251
  endloop
 endfacet
 facet normal -0.9822651743888855 0.18167266249656677 0.04636940732598305
  outer loop
   vertex -0.09921147155761718 0.02012704086303711 -1.0528154296875
   vertex -0.09685831451416016 0.028871280670166016 -1.037226806640625
   vertex -0.09685831451416016 0.03196302604675293 -1.049340087890625
  endloop
 endfacet
 facet normal -0.9822652339935303 0.18167290091514587 0.046369269490242004
  outer loop
   vertex -0.09921147155761718 0.02012704086303711 -1.0528154296875
   vertex -0.09921147155761718 0.01681752395629883 -1.0398488769531251
   vertex -0.09685831451416016 0.028871280670166016 -1.037226806640625
  endloop
 endfacet
 facet normal -0.9509986042976379 0.2933725118637085 0.09764351695775986
  outer loop
   vertex -0.09685831451416016 0.035911048889160156 -1.0612020263671875
   vertex -0.09685831451416016 0.03196302604675293 -1.049340087890625
   vertex -0.09297764587402343 0.043422698974609375 -1.0459752197265626
  endloop
 endfacet
 facet normal -0.9509986042976379 0.2933724820613861 0.09764350950717926
  outer loop
   vertex -0.09685831451416016 0.035911048889160156 -1.0612020263671875
   vertex -0.09297764587402343 0.043422698974609375 -1.0459752197265626
   vertex -0.09297764587402343 0.04710147476196289 -1.0570281982421874
  endloop
 endfacet
 facet normal -0.9822652339935303 0.17790193855762482 0.059211309999227524
  outer loop
   vertex -0.09685831451416016 0.035911048889160156 -1.0612020263671875
   vertex -0.09921147155761718 0.02012704086303711 -1.0528154296875
   vertex -0.09685831451416016 0.03196302604675293 -1.049340087890625
  endloop
 endfacet
 facet normal -0.9047226309776306 0.3935735821723938 0.16302387416362762
  outer loop
   vertex -0.09297764587402343 0.05155938720703125 -1.06779052734375
   vertex -0.09297764587402343 0.04710147476196289 -1.0570281982421874
   vertex -0.08763066864013672 0.05774795150756836 -1.0530572509765626
  endloop
 endfacet
 facet normal -0.9047226309776306 0.393573522567749 0.1630239188671112
  outer loop
   vertex -0.09297764587402343 0.05155938720703125 -1.06779052734375
   vertex -0.08763066864013672 0.05774795150756836 -1.0530572509765626
   vertex -0.08763066864013672 0.06189545822143555 -1.0630701904296875
  endloop
 endfacet
 facet normal -0.8441733717918396 0.4793684780597687 0.2399527132511139
  outer loop
   vertex -0.08763066864013672 0.06674671173095703 -1.0727618408203126
   vertex -0.08763066864013672 0.06189545822143555 -1.0630701904296875
   vertex -0.08090170288085938 0.0760528793334961 -1.0676802978515625
  endloop
 endfacet
 facet normal -0.7703132629394531 0.5484007596969604 0.3253829777240753
  outer loop
   vertex -0.08090170288085938 0.08119693756103516 -1.0763500976562501
   vertex -0.08090170288085938 0.0760528793334961 -1.0676802978515625
   vertex -0.07289686584472656 0.08933705902099609 -1.0711187744140624
  endloop
 endfacet
 facet normal -0.9509985446929932 -0.30899831652641296 -0.011035913601517677
  outer loop
   vertex -0.09297764587402343 -0.03620908355712891 -1.0168939819335938
   vertex -0.09297764587402343 -0.036812454223632815 -1.0
   vertex -0.09685831451416016 -0.024296049118041993 -1.0160419921875001
  endloop
 endfacet
 facet normal -0.7703131437301636 0.5237912535667419 0.3636761009693146
  outer loop
   vertex -0.07289686584472656 0.09469257354736328 -1.0788321533203125
   vertex -0.08090170288085938 0.08119693756103516 -1.0763500976562501
   vertex -0.07289686584472656 0.08933705902099609 -1.0711187744140624
  endloop
 endfacet
 facet normal -0.6843144297599792 0.5989686846733093 0.4158729314804077
  outer loop
   vertex -0.07289686584472656 0.09469257354736328 -1.0788321533203125
   vertex -0.07289686584472656 0.08933705902099609 -1.0711187744140624
   vertex -0.06374239730834962 0.10157451629638672 -1.073680419921875
  endloop
 endfacet
 facet normal -0.9822651743888855 -0.1864224225282669 -0.02004251442849636
  outer loop
   vertex -0.09685831451416016 -0.02258014678955078 -1.032002197265625
   vertex -0.09685831451416016 -0.024296049118041993 -1.0160419921875001
   vertex -0.09921147155761718 -0.011991812705993653 -1.0151619262695313
  endloop
 endfacet
 facet normal -0.9509984850883484 -0.30742380023002625 -0.03305153176188469
  outer loop
   vertex -0.09685831451416016 -0.02258014678955078 -1.032002197265625
   vertex -0.09297764587402343 -0.03620908355712891 -1.0168939819335938
   vertex -0.09685831451416016 -0.024296049118041993 -1.0160419921875001
  endloop
 endfacet
 facet normal -0.9822652339935303 -0.18642264604568481 -0.020042380318045616
  outer loop
   vertex -0.09685831451416016 -0.02258014678955078 -1.032002197265625
   vertex -0.09921147155761718 -0.011991812705993653 -1.0151619262695313
   vertex -0.09921147155761718 -0.010370040893554687 -1.0302467041015626
  endloop
 endfacet
 facet normal -0.5875400900840759 0.5922454595565796 0.5513999462127686
  outer loop
   vertex -0.06374239730834962 0.1070815887451172 -1.0805142822265625
   vertex -0.05358267974853516 0.11828164672851563 -1.0817183837890625
   vertex -0.06374239730834962 0.11306215667724609 -1.0869378662109375
  endloop
 endfacet
 facet normal -0.5875413417816162 0.5922462940216064 0.5513979196548462
  outer loop
   vertex -0.06374239730834962 0.1070815887451172 -1.0805142822265625
   vertex -0.05358267974853516 0.1126601333618164 -1.075680419921875
   vertex -0.05358267974853516 0.11828164672851563 -1.0817183837890625
  endloop
 endfacet
 facet normal -0.5875412225723267 0.630072295665741 0.5077442526817322
  outer loop
   vertex -0.06374239730834962 0.1070815887451172 -1.0805142822265625
   vertex -0.06374239730834962 0.10157451629638672 -1.073680419921875
   vertex -0.05358267974853516 0.1126601333618164 -1.075680419921875
  endloop
 endfacet
 facet normal -0.9980242848396301 -0.061831966042518616 -0.011155730113387108
  outer loop
   vertex -0.09921147155761718 -0.007676270961761475 -1.04517724609375
   vertex -0.09921147155761718 -0.010370040893554687 -1.0302467041015626
   vertex -0.1 0.0020357115268707275 -1.0284630126953125
  endloop
 endfacet
 facet normal -0.9980241656303406 -0.061831943690776825 -0.011155743151903152
  outer loop
   vertex -0.09921147155761718 -0.007676270961761475 -1.04517724609375
   vertex -0.1 0.0020357115268707275 -1.0284630126953125
   vertex -0.1 0.004570626735687256 -1.0425130615234375
  endloop
 endfacet
 facet normal -0.9980242252349854 0.06087857112288475 0.015538280829787254
  outer loop
   vertex -0.1 0.008101405143737793 -1.0563465576171875
   vertex -0.1 0.004570626735687256 -1.0425130615234375
   vertex -0.09921147155761718 0.01681752395629883 -1.0398488769531251
  endloop
 endfacet
 facet normal -0.9980242252349854 0.06087849661707878 0.015538315288722515
  outer loop
   vertex -0.1 0.008101405143737793 -1.0563465576171875
   vertex -0.09921147155761718 0.01681752395629883 -1.0398488769531251
   vertex -0.09921147155761718 0.02012704086303711 -1.0528154296875
  endloop
 endfacet
 facet normal -0.9980242252349854 0.059614911675453186 0.019841615110635757
  outer loop
   vertex -0.09921147155761718 0.0243531494140625 -1.065512939453125
   vertex -0.1 0.008101405143737793 -1.0563465576171875
   vertex -0.09921147155761718 0.02012704086303711 -1.0528154296875
  endloop
 endfacet
 facet normal -0.982265293598175 0.17790178954601288 0.05921100452542305
  outer loop
   vertex -0.09921147155761718 0.0243531494140625 -1.065512939453125
   vertex -0.09921147155761718 0.02012704086303711 -1.0528154296875
   vertex -0.09685831451416016 0.035911048889160156 -1.0612020263671875
  endloop
 endfacet
 facet normal -0.9509986639022827 0.28565865755081177 0.1183239296078682
  outer loop
   vertex -0.09685831451416016 0.04069522857666016 -1.0727520751953126
   vertex -0.09297764587402343 0.04710147476196289 -1.0570281982421874
   vertex -0.09297764587402343 0.05155938720703125 -1.06779052734375
  endloop
 endfacet
 facet normal -0.9509986042976379 0.28565916419029236 0.11832372844219208
  outer loop
   vertex -0.09685831451416016 0.04069522857666016 -1.0727520751953126
   vertex -0.09685831451416016 0.035911048889160156 -1.0612020263671875
   vertex -0.09297764587402343 0.04710147476196289 -1.0570281982421874
  endloop
 endfacet
 facet normal -0.9047226309776306 0.38094156980514526 0.19068412482738495
  outer loop
   vertex -0.09297764587402343 0.056773719787597654 -1.07820751953125
   vertex -0.08763066864013672 0.06189545822143555 -1.0630701904296875
   vertex -0.08763066864013672 0.06674671173095703 -1.0727618408203126
  endloop
 endfacet
 facet normal -0.9047226905822754 0.3809414803981781 0.19068418443202972
  outer loop
   vertex -0.09297764587402343 0.056773719787597654 -1.07820751953125
   vertex -0.09297764587402343 0.05155938720703125 -1.06779052734375
   vertex -0.08763066864013672 0.06189545822143555 -1.0630701904296875
  endloop
 endfacet
 facet normal -0.8441733121871948 0.46102824807167053 0.2735404372215271
  outer loop
   vertex -0.08763066864013672 0.07227699279785156 -1.0820826416015625
   vertex -0.08763066864013672 0.06674671173095703 -1.0727618408203126
   vertex -0.08090170288085938 0.0760528793334961 -1.0676802978515625
  endloop
 endfacet
 facet normal -0.8441740274429321 0.46102654933929443 0.2735411524772644
  outer loop
   vertex -0.08763066864013672 0.07227699279785156 -1.0820826416015625
   vertex -0.08090170288085938 0.0760528793334961 -1.0676802978515625
   vertex -0.08090170288085938 0.08119693756103516 -1.0763500976562501
  endloop
 endfacet
 facet normal -0.9047225713729858 -0.42572981119155884 -0.015204984694719315
  outer loop
   vertex -0.08763066864013672 -0.04754304504394531 -1.0177046508789063
   vertex -0.09297764587402343 -0.036812454223632815 -1.0
   vertex -0.09297764587402343 -0.03620908355712891 -1.0168939819335938
  endloop
 endfacet
 facet normal -0.9047226309776306 -0.42572975158691406 -0.015205000527203083
  outer loop
   vertex -0.08763066864013672 -0.04754304504394531 -1.0177046508789063
   vertex -0.08763066864013672 -0.04817536926269531 -1.0
   vertex -0.09297764587402343 -0.036812454223632815 -1.0
  endloop
 endfacet
 facet normal -0.7703133225440979 0.5237912535667419 0.36367571353912354
  outer loop
   vertex -0.08090170288085938 0.08694638824462891 -1.084630859375
   vertex -0.08090170288085938 0.08119693756103516 -1.0763500976562501
   vertex -0.07289686584472656 0.09469257354736328 -1.0788321533203125
  endloop
 endfacet
 facet normal -0.9509986042976379 -0.30742374062538147 -0.03305144980549812
  outer loop
   vertex -0.09297764587402343 -0.034402046203613285 -1.033701904296875
   vertex -0.09297764587402343 -0.03620908355712891 -1.0168939819335938
   vertex -0.09685831451416016 -0.02258014678955078 -1.032002197265625
  endloop
 endfacet
 facet normal -0.6843143105506897 0.56777423620224 0.45754384994506836
  outer loop
   vertex -0.07289686584472656 0.10058470153808594 -1.086143798828125
   vertex -0.07289686584472656 0.09469257354736328 -1.0788321533203125
   vertex -0.06374239730834962 0.10157451629638672 -1.073680419921875
  endloop
 endfacet
 facet normal -0.6843130588531494 0.5336889028549194 0.49688199162483215
  outer loop
   vertex -0.07289686584472656 0.10058470153808594 -1.086143798828125
   vertex -0.06374239730834962 0.1070815887451172 -1.0805142822265625
   vertex -0.06374239730834962 0.11306215667724609 -1.0869378662109375
  endloop
 endfacet
 facet normal -0.684313178062439 0.5677763223648071 0.45754289627075195
  outer loop
   vertex -0.07289686584472656 0.10058470153808594 -1.086143798828125
   vertex -0.06374239730834962 0.10157451629638672 -1.073680419921875
   vertex -0.06374239730834962 0.1070815887451172 -1.0805142822265625
  endloop
 endfacet
 facet normal -0.6843152046203613 0.5336902141571045 0.4968777000904083
  outer loop
   vertex -0.07289686584472656 0.10058470153808594 -1.086143798828125
   vertex -0.06374239730834962 0.11306215667724609 -1.0869378662109375
   vertex -0.07289686584472656 0.10698343658447265 -1.0930166015625
  endloop
 endfacet
 facet normal -0.9822652339935303 -0.18451787531375885 -0.033290740102529526
  outer loop
   vertex -0.09685831451416016 -0.01973002815246582 -1.04779931640625
   vertex -0.09685831451416016 -0.02258014678955078 -1.032002197265625
   vertex -0.09921147155761718 -0.010370040893554687 -1.0302467041015626
  endloop
 endfacet
 facet normal -0.9822652339935303 -0.18451789021492004 -0.03329072520136833
  outer loop
   vertex -0.09685831451416016 -0.01973002815246582 -1.04779931640625
   vertex -0.09921147155761718 -0.010370040893554687 -1.0302467041015626
   vertex -0.09921147155761718 -0.007676270961761475 -1.04517724609375
  endloop
 endfacet
 facet normal -0.9980241656303406 -0.060878556221723557 -0.015538359060883522
  outer loop
   vertex -0.09921147155761718 -0.0039242303371429445 -1.0598775634765625
   vertex -0.09921147155761718 -0.007676270961761475 -1.04517724609375
   vertex -0.1 0.004570626735687256 -1.0425130615234375
  endloop
 endfacet
 facet normal -0.9980242252349854 -0.06087866425514221 -0.01553830411285162
  outer loop
   vertex -0.09921147155761718 -0.0039242303371429445 -1.0598775634765625
   vertex -0.1 0.004570626735687256 -1.0425130615234375
   vertex -0.1 0.008101405143737793 -1.0563465576171875
  endloop
 endfacet
 facet normal -0.9980241656303406 0.05961506441235542 0.019841887056827545
  outer loop
   vertex -0.1 0.012610054969787598 -1.069892822265625
   vertex -0.1 0.008101405143737793 -1.0563465576171875
   vertex -0.09921147155761718 0.0243531494140625 -1.065512939453125
  endloop
 endfacet
 facet normal -0.9822652339935303 0.17322413623332977 0.07175213098526001
  outer loop
   vertex -0.09921147155761718 0.029474313735961915 -1.07787646484375
   vertex -0.09921147155761718 0.0243531494140625 -1.065512939453125
   vertex -0.09685831451416016 0.035911048889160156 -1.0612020263671875
  endloop
 endfacet
 facet normal -0.9822651743888855 0.17322468757629395 0.0717519149184227
  outer loop
   vertex -0.09921147155761718 0.029474313735961915 -1.07787646484375
   vertex -0.09685831451416016 0.035911048889160156 -1.0612020263671875
   vertex -0.09685831451416016 0.04069522857666016 -1.0727520751953126
  endloop
 endfacet
 facet normal -0.9509984850883484 0.27649086713790894 0.1384003460407257
  outer loop
   vertex -0.09685831451416016 0.04629119110107422 -1.083931396484375
   vertex -0.09297764587402343 0.05155938720703125 -1.06779052734375
   vertex -0.09297764587402343 0.056773719787597654 -1.07820751953125
  endloop
 endfacet
 facet normal -0.9822651743888855 0.16766461730003357 0.08392682671546936
  outer loop
   vertex -0.09685831451416016 0.04629119110107422 -1.083931396484375
   vertex -0.09921147155761718 0.029474313735961915 -1.07787646484375
   vertex -0.09685831451416016 0.04069522857666016 -1.0727520751953126
  endloop
 endfacet
 facet normal -0.9509987831115723 0.276489794254303 0.13840076327323914
  outer loop
   vertex -0.09685831451416016 0.04629119110107422 -1.083931396484375
   vertex -0.09685831451416016 0.04069522857666016 -1.0727520751953126
   vertex -0.09297764587402343 0.05155938720703125 -1.06779052734375
  endloop
 endfacet
 facet normal -0.9047226309776306 0.3663662075996399 0.21737678349018097
  outer loop
   vertex -0.09297764587402343 0.06271790313720703 -1.0882258300781251
   vertex -0.09297764587402343 0.056773719787597654 -1.07820751953125
   vertex -0.08763066864013672 0.06674671173095703 -1.0727618408203126
  endloop
 endfacet
 facet normal -0.9509984850883484 0.2659120261669159 0.15777410566806793
  outer loop
   vertex -0.09297764587402343 0.06271790313720703 -1.0882258300781251
   vertex -0.09685831451416016 0.04629119110107422 -1.083931396484375
   vertex -0.09297764587402343 0.056773719787597654 -1.07820751953125
  endloop
 endfacet
 facet normal -0.9047220349311829 0.36636820435523987 0.21737608313560486
  outer loop
   vertex -0.09297764587402343 0.06271790313720703 -1.0882258300781251
   vertex -0.08763066864013672 0.06674671173095703 -1.0727618408203126
   vertex -0.08763066864013672 0.07227699279785156 -1.0820826416015625
  endloop
 endfacet
 facet normal -0.8441734313964844 -0.5357285737991333 -0.019133636727929115
  outer loop
   vertex -0.08090170288085938 -0.058119186401367186 -1.0184610595703125
   vertex -0.08763066864013672 -0.04817536926269531 -1.0
   vertex -0.08763066864013672 -0.04754304504394531 -1.0177046508789063
  endloop
 endfacet
 facet normal -0.7703136801719666 -0.6372588872909546 -0.022759810090065002
  outer loop
   vertex -0.08090170288085938 -0.058119186401367186 -1.0184610595703125
   vertex -0.07289686584472656 -0.06845471191406251 -1.0
   vertex -0.08090170288085938 -0.058778526306152344 -1.0
  endloop
 endfacet
 facet normal -0.8441734313964844 -0.5357285737991333 -0.019133636727929115
  outer loop
   vertex -0.08090170288085938 -0.058119186401367186 -1.0184610595703125
   vertex -0.08090170288085938 -0.058778526306152344 -1.0
   vertex -0.08763066864013672 -0.04817536926269531 -1.0
  endloop
 endfacet
 facet normal -0.8441740274429321 0.44033753871917725 0.30573365092277527
  outer loop
   vertex -0.08763066864013672 0.07845812225341797 -1.090985107421875
   vertex -0.08763066864013672 0.07227699279785156 -1.0820826416015625
   vertex -0.08090170288085938 0.08119693756103516 -1.0763500976562501
  endloop
 endfacet
 facet normal -0.8441736698150635 0.44033849239349365 0.305733323097229
  outer loop
   vertex -0.08763066864013672 0.07845812225341797 -1.090985107421875
   vertex -0.08090170288085938 0.08119693756103516 -1.0763500976562501
   vertex -0.08090170288085938 0.08694638824462891 -1.084630859375
  endloop
 endfacet
 facet normal -0.9047226309776306 -0.423560231924057 -0.04553741216659546
  outer loop
   vertex -0.08763066864013672 -0.04564929962158203 -1.035319091796875
   vertex -0.09297764587402343 -0.03620908355712891 -1.0168939819335938
   vertex -0.09297764587402343 -0.034402046203613285 -1.033701904296875
  endloop
 endfacet
 facet normal -0.9047226905822754 -0.423560231924057 -0.04553736746311188
  outer loop
   vertex -0.08763066864013672 -0.04564929962158203 -1.035319091796875
   vertex -0.08763066864013672 -0.04754304504394531 -1.0177046508789063
   vertex -0.09297764587402343 -0.03620908355712891 -1.0168939819335938
  endloop
 endfacet
 facet normal -0.770313560962677 0.4965116083621979 0.40011653304100037
  outer loop
   vertex -0.08090170288085938 0.09327192687988281 -1.0924803466796875
   vertex -0.07289686584472656 0.09469257354736328 -1.0788321533203125
   vertex -0.07289686584472656 0.10058470153808594 -1.086143798828125
  endloop
 endfacet
 facet normal -0.770312488079071 0.4667055606842041 0.43451640009880066
  outer loop
   vertex -0.08090170288085938 0.09327192687988281 -1.0924803466796875
   vertex -0.07289686584472656 0.10698343658447265 -1.0930166015625
   vertex -0.08090170288085938 0.10014133453369141 -1.099858642578125
  endloop
 endfacet
 facet normal -0.7703133225440979 0.4965122640132904 0.4001162648200989
  outer loop
   vertex -0.08090170288085938 0.09327192687988281 -1.0924803466796875
   vertex -0.08090170288085938 0.08694638824462891 -1.084630859375
   vertex -0.07289686584472656 0.09469257354736328 -1.0788321533203125
  endloop
 endfacet
 facet normal -0.770313560962677 0.4667060971260071 0.4345139265060425
  outer loop
   vertex -0.08090170288085938 0.09327192687988281 -1.0924803466796875
   vertex -0.07289686584472656 0.10058470153808594 -1.086143798828125
   vertex -0.07289686584472656 0.10698343658447265 -1.0930166015625
  endloop
 endfacet
 facet normal -0.9509985446929932 -0.30428266525268555 -0.054898470640182495
  outer loop
   vertex -0.09297764587402343 -0.031400548934936524 -1.050338134765625
   vertex -0.09297764587402343 -0.034402046203613285 -1.033701904296875
   vertex -0.09685831451416016 -0.02258014678955078 -1.032002197265625
  endloop
 endfacet
 facet normal -0.9509986639022827 -0.3042823076248169 -0.054898668080568314
  outer loop
   vertex -0.09297764587402343 -0.031400548934936524 -1.050338134765625
   vertex -0.09685831451416016 -0.02258014678955078 -1.032002197265625
   vertex -0.09685831451416016 -0.01973002815246582 -1.04779931640625
  endloop
 endfacet
 facet normal -0.9822652339935303 -0.18167270720005035 -0.0463692806661129
  outer loop
   vertex -0.09685831451416016 -0.015760214805603027 -1.0633529052734376
   vertex -0.09921147155761718 -0.007676270961761475 -1.04517724609375
   vertex -0.09921147155761718 -0.0039242303371429445 -1.0598775634765625
  endloop
 endfacet
 facet normal -0.9822651147842407 -0.1816728711128235 -0.046369198709726334
  outer loop
   vertex -0.09685831451416016 -0.015760214805603027 -1.0633529052734376
   vertex -0.09685831451416016 -0.01973002815246582 -1.04779931640625
   vertex -0.09921147155761718 -0.007676270961761475 -1.04517724609375
  endloop
 endfacet
 facet normal -0.9980241656303406 -0.0596148855984211 -0.019841821864247322
  outer loop
   vertex -0.09921147155761718 0.000866961121559143 -1.0742728271484374
   vertex -0.1 0.008101405143737793 -1.0563465576171875
   vertex -0.1 0.012610054969787598 -1.069892822265625
  endloop
 endfacet
 facet normal -0.9980241656303406 -0.05961507186293602 -0.01984175108373165
  outer loop
   vertex -0.09921147155761718 0.000866961121559143 -1.0742728271484374
   vertex -0.09921147155761718 -0.0039242303371429445 -1.0598775634765625
   vertex -0.1 0.008101405143737793 -1.0563465576171875
  endloop
 endfacet
 facet normal -0.9980242252349854 0.05804773047566414 0.02404412254691124
  outer loop
   vertex -0.1 0.01807360076904297 -1.0830830078125
   vertex -0.1 0.012610054969787598 -1.069892822265625
   vertex -0.09921147155761718 0.0243531494140625 -1.065512939453125
  endloop
 endfacet
 facet normal -0.9980242252349854 0.05804753303527832 0.024044187739491463
  outer loop
   vertex -0.1 0.01807360076904297 -1.0830830078125
   vertex -0.09921147155761718 0.0243531494140625 -1.065512939453125
   vertex -0.09921147155761718 0.029474313735961915 -1.07787646484375
  endloop
 endfacet
 facet normal -0.9822652339935303 0.16766448318958282 0.08392644673585892
  outer loop
   vertex -0.09921147155761718 0.03546443557739258 -1.0898432617187501
   vertex -0.09921147155761718 0.029474313735961915 -1.07787646484375
   vertex -0.09685831451416016 0.04629119110107422 -1.083931396484375
  endloop
 endfacet
 facet normal -0.9509986042976379 0.2659118175506592 0.15777315199375153
  outer loop
   vertex -0.09685831451416016 0.05267041778564453 -1.0946829833984375
   vertex -0.09685831451416016 0.04629119110107422 -1.083931396484375
   vertex -0.09297764587402343 0.06271790313720703 -1.0882258300781251
  endloop
 endfacet
 facet normal -0.9822651743888855 0.16124975681304932 0.09567413479089737
  outer loop
   vertex -0.09685831451416016 0.05267041778564453 -1.0946829833984375
   vertex -0.09921147155761718 0.03546443557739258 -1.0898432617187501
   vertex -0.09685831451416016 0.04629119110107422 -1.083931396484375
  endloop
 endfacet
 facet normal -0.7703137993812561 -0.637258768081665 -0.022759675979614258
  outer loop
   vertex -0.07289686584472656 -0.06777072143554688 -1.0191513671875
   vertex -0.07289686584472656 -0.06845471191406251 -1.0
   vertex -0.08090170288085938 -0.058119186401367186 -1.0184610595703125
  endloop
 endfacet
 facet normal -0.9047219753265381 0.34992775321006775 0.24295802414417267
  outer loop
   vertex -0.09297764587402343 0.06936164093017579 -1.097794677734375
   vertex -0.09297764587402343 0.06271790313720703 -1.0882258300781251
   vertex -0.08763066864013672 0.07227699279785156 -1.0820826416015625
  endloop
 endfacet
 facet normal -0.9047228097915649 0.34992516040802 0.24295884370803833
  outer loop
   vertex -0.09297764587402343 0.06936164093017579 -1.097794677734375
   vertex -0.08763066864013672 0.07227699279785156 -1.0820826416015625
   vertex -0.08763066864013672 0.07845812225341797 -1.090985107421875
  endloop
 endfacet
 facet normal -0.8441734313964844 -0.5329986214637756 -0.05730341374874115
  outer loop
   vertex -0.08090170288085938 -0.056144531250000004 -1.0368280029296875
   vertex -0.08090170288085938 -0.058119186401367186 -1.0184610595703125
   vertex -0.08763066864013672 -0.04754304504394531 -1.0177046508789063
  endloop
 endfacet
 facet normal -0.84417325258255 -0.5329989194869995 -0.05730323866009712
  outer loop
   vertex -0.08090170288085938 -0.056144531250000004 -1.0368280029296875
   vertex -0.08763066864013672 -0.04754304504394531 -1.0177046508789063
   vertex -0.08763066864013672 -0.04564929962158203 -1.035319091796875
  endloop
 endfacet
 facet normal -0.8441736102104187 0.41740554571151733 0.33636796474456787
  outer loop
   vertex -0.08763066864013672 0.08525859832763671 -1.0994239501953125
   vertex -0.08763066864013672 0.07845812225341797 -1.090985107421875
   vertex -0.08090170288085938 0.08694638824462891 -1.084630859375
  endloop
 endfacet
 facet normal -0.8441731929779053 0.3923472762107849 0.36528775095939636
  outer loop
   vertex -0.08763066864013672 0.08525859832763671 -1.0994239501953125
   vertex -0.08090170288085938 0.10014133453369141 -1.099858642578125
   vertex -0.08763066864013672 0.09264377593994141 -1.107356201171875
  endloop
 endfacet
 facet normal -0.8441735506057739 0.4174056947231293 0.3363679349422455
  outer loop
   vertex -0.08763066864013672 0.08525859832763671 -1.0994239501953125
   vertex -0.08090170288085938 0.08694638824462891 -1.084630859375
   vertex -0.08090170288085938 0.09327192687988281 -1.0924803466796875
  endloop
 endfacet
 facet normal -0.8441736102104187 0.39234739542007446 0.36528682708740234
  outer loop
   vertex -0.08763066864013672 0.08525859832763671 -1.0994239501953125
   vertex -0.08090170288085938 0.09327192687988281 -1.0924803466796875
   vertex -0.08090170288085938 0.10014133453369141 -1.099858642578125
  endloop
 endfacet
 facet normal -0.9047223329544067 -0.4192330539226532 -0.07563774287700653
  outer loop
   vertex -0.08763066864013672 -0.042503784179687504 -1.05275341796875
   vertex -0.09297764587402343 -0.034402046203613285 -1.033701904296875
   vertex -0.09297764587402343 -0.031400548934936524 -1.050338134765625
  endloop
 endfacet
 facet normal -0.9047227501869202 -0.41923221945762634 -0.07563821971416473
  outer loop
   vertex -0.08763066864013672 -0.042503784179687504 -1.05275341796875
   vertex -0.08763066864013672 -0.04564929962158203 -1.035319091796875
   vertex -0.09297764587402343 -0.034402046203613285 -1.033701904296875
  endloop
 endfacet
 facet normal -0.9509987235069275 -0.299590528011322 -0.07646607607603073
  outer loop
   vertex -0.09297764587402343 -0.027219886779785155 -1.0667177734375
   vertex -0.09297764587402343 -0.031400548934936524 -1.050338134765625
   vertex -0.09685831451416016 -0.01973002815246582 -1.04779931640625
  endloop
 endfacet
 facet normal -0.9509985446929932 -0.2995907962322235 -0.07646594196557999
  outer loop
   vertex -0.09297764587402343 -0.027219886779785155 -1.0667177734375
   vertex -0.09685831451416016 -0.01973002815246582 -1.04779931640625
   vertex -0.09685831451416016 -0.015760214805603027 -1.0633529052734376
  endloop
 endfacet
 facet normal -0.9509985446929932 -0.29337242245674133 -0.0976439043879509
  outer loop
   vertex -0.09685831451416016 -0.010690937042236328 -1.0785836181640625
   vertex -0.09297764587402343 -0.027219886779785155 -1.0667177734375
   vertex -0.09685831451416016 -0.015760214805603027 -1.0633529052734376
  endloop
 endfacet
 facet normal -0.9822652339935303 -0.17790190875530243 -0.059211552143096924
  outer loop
   vertex -0.09685831451416016 -0.010690937042236328 -1.0785836181640625
   vertex -0.09685831451416016 -0.015760214805603027 -1.0633529052734376
   vertex -0.09921147155761718 -0.0039242303371429445 -1.0598775634765625
  endloop
 endfacet
 facet normal -0.9822651147842407 -0.1779022365808487 -0.059211403131484985
  outer loop
   vertex -0.09685831451416016 -0.010690937042236328 -1.0785836181640625
   vertex -0.09921147155761718 -0.0039242303371429445 -1.0598775634765625
   vertex -0.09921147155761718 0.000866961121559143 -1.0742728271484374
  endloop
 endfacet
 facet normal -0.9980241656303406 -0.058047495782375336 -0.024044107645750046
  outer loop
   vertex -0.09921147155761718 0.006672889232635498 -1.08828955078125
   vertex -0.09921147155761718 0.000866961121559143 -1.0742728271484374
   vertex -0.1 0.012610054969787598 -1.069892822265625
  endloop
 endfacet
 facet normal -0.9980242252349854 -0.05804761126637459 -0.02404407225549221
  outer loop
   vertex -0.09921147155761718 0.006672889232635498 -1.08828955078125
   vertex -0.1 0.012610054969787598 -1.069892822265625
   vertex -0.1 0.01807360076904297 -1.0830830078125
  endloop
 endfacet
 facet normal -0.9980242252349854 0.05618443712592125 0.02812381274998188
  outer loop
   vertex -0.1 0.024464202880859376 -1.095849853515625
   vertex -0.1 0.01807360076904297 -1.0830830078125
   vertex -0.09921147155761718 0.029474313735961915 -1.07787646484375
  endloop
 endfacet
 facet normal -0.9980242252349854 0.056184470653533936 0.028123799711465836
  outer loop
   vertex -0.1 0.024464202880859376 -1.095849853515625
   vertex -0.09921147155761718 0.029474313735961915 -1.07787646484375
   vertex -0.09921147155761718 0.03546443557739258 -1.0898432617187501
  endloop
 endfacet
 facet normal -0.9980242252349854 0.05403491109609604 0.03206042945384979
  outer loop
   vertex -0.09921147155761718 0.04229299545288086 -1.1013521728515625
   vertex -0.1 0.024464202880859376 -1.095849853515625
   vertex -0.09921147155761718 0.03546443557739258 -1.0898432617187501
  endloop
 endfacet
 facet normal -0.9822652339935303 0.16124972701072693 0.09567399322986603
  outer loop
   vertex -0.09921147155761718 0.04229299545288086 -1.1013521728515625
   vertex -0.09921147155761718 0.03546443557739258 -1.0898432617187501
   vertex -0.09685831451416016 0.05267041778564453 -1.0946829833984375
  endloop
 endfacet
 facet normal -0.6843147873878479 -0.728722095489502 -0.026026304811239243
  outer loop
   vertex -0.06374239730834962 -0.07634542846679687 -1.0197645874023438
   vertex -0.07289686584472656 -0.06845471191406251 -1.0
   vertex -0.07289686584472656 -0.06777072143554688 -1.0191513671875
  endloop
 endfacet
 facet normal -0.5875402092933655 -0.8086793422698975 -0.02888207510113716
  outer loop
   vertex -0.06374239730834962 -0.07634542846679687 -1.0197645874023438
   vertex -0.05358267974853516 -0.08443279266357422 -1.0
   vertex -0.06374239730834962 -0.07705132293701172 -1.0
  endloop
 endfacet
 facet normal -0.6843149065971375 -0.7287220358848572 -0.026026388630270958
  outer loop
   vertex -0.06374239730834962 -0.07634542846679687 -1.0197645874023438
   vertex -0.06374239730834962 -0.07705132293701172 -1.0
   vertex -0.07289686584472656 -0.06845471191406251 -1.0
  endloop
 endfacet
 facet normal -0.9509986639022827 0.25397929549217224 0.17634041607379913
  outer loop
   vertex -0.09685831451416016 0.05980040359497071 -1.1049521484375
   vertex -0.09685831451416016 0.05267041778564453 -1.0946829833984375
   vertex -0.09297764587402343 0.06271790313720703 -1.0882258300781251
  endloop
 endfacet
 facet normal -0.9509986639022827 0.2539796531200409 0.17634035646915436
  outer loop
   vertex -0.09685831451416016 0.05980040359497071 -1.1049521484375
   vertex -0.09297764587402343 0.06271790313720703 -1.0882258300781251
   vertex -0.09297764587402343 0.06936164093017579 -1.097794677734375
  endloop
 endfacet
 facet normal -0.7703137993812561 -0.6340113282203674 -0.06816349178552628
  outer loop
   vertex -0.07289686584472656 -0.06572222900390626 -1.038205078125
   vertex -0.07289686584472656 -0.06777072143554688 -1.0191513671875
   vertex -0.08090170288085938 -0.058119186401367186 -1.0184610595703125
  endloop
 endfacet
 facet normal -0.7703137993812561 -0.6340113878250122 -0.0681634172797203
  outer loop
   vertex -0.07289686584472656 -0.06572222900390626 -1.038205078125
   vertex -0.08090170288085938 -0.058119186401367186 -1.0184610595703125
   vertex -0.08090170288085938 -0.056144531250000004 -1.0368280029296875
  endloop
 endfacet
 facet normal -0.9047229886054993 0.31178760528564453 0.2902841866016388
  outer loop
   vertex -0.09297764587402343 0.07667108154296876 -1.1068651123046875
   vertex -0.08763066864013672 0.08525859832763671 -1.0994239501953125
   vertex -0.08763066864013672 0.09264377593994141 -1.107356201171875
  endloop
 endfacet
 facet normal -0.9047226309776306 0.31178754568099976 0.29028528928756714
  outer loop
   vertex -0.09297764587402343 0.07667108154296876 -1.1068651123046875
   vertex -0.08763066864013672 0.09264377593994141 -1.107356201171875
   vertex -0.09297764587402343 0.08460897827148438 -1.1153909912109374
  endloop
 endfacet
 facet normal -0.9047229290008545 0.33170121908187866 0.2673027515411377
  outer loop
   vertex -0.09297764587402343 0.07667108154296876 -1.1068651123046875
   vertex -0.08763066864013672 0.07845812225341797 -1.090985107421875
   vertex -0.08763066864013672 0.08525859832763671 -1.0994239501953125
  endloop
 endfacet
 facet normal -0.9047228097915649 0.3317014276981354 0.2673027217388153
  outer loop
   vertex -0.09297764587402343 0.07667108154296876 -1.1068651123046875
   vertex -0.09297764587402343 0.06936164093017579 -1.097794677734375
   vertex -0.08763066864013672 0.07845812225341797 -1.090985107421875
  endloop
 endfacet
 facet normal -0.8441731333732605 -0.527553141117096 -0.09518096596002579
  outer loop
   vertex -0.08090170288085938 -0.0528646240234375 -1.05500732421875
   vertex -0.08090170288085938 -0.056144531250000004 -1.0368280029296875
   vertex -0.08763066864013672 -0.04564929962158203 -1.035319091796875
  endloop
 endfacet
 facet normal -0.8441736102104187 -0.5275523662567139 -0.0951814278960228
  outer loop
   vertex -0.08090170288085938 -0.0528646240234375 -1.05500732421875
   vertex -0.08763066864013672 -0.04564929962158203 -1.035319091796875
   vertex -0.08763066864013672 -0.042503784179687504 -1.05275341796875
  endloop
 endfacet
 facet normal -0.7703137397766113 -0.6275333166122437 -0.11321935802698135
  outer loop
   vertex -0.08090170288085938 -0.0528646240234375 -1.05500732421875
   vertex -0.07289686584472656 -0.06572222900390626 -1.038205078125
   vertex -0.08090170288085938 -0.056144531250000004 -1.0368280029296875
  endloop
 endfacet
 facet normal -0.9047223329544067 -0.4127691388130188 -0.10535286366939545
  outer loop
   vertex -0.08763066864013672 -0.038122520446777344 -1.0699190673828125
   vertex -0.08763066864013672 -0.042503784179687504 -1.05275341796875
   vertex -0.09297764587402343 -0.031400548934936524 -1.050338134765625
  endloop
 endfacet
 facet normal -0.8441736102104187 -0.5194181203842163 -0.13257335126399994
  outer loop
   vertex -0.08763066864013672 -0.038122520446777344 -1.0699190673828125
   vertex -0.08090170288085938 -0.0528646240234375 -1.05500732421875
   vertex -0.08763066864013672 -0.042503784179687504 -1.05275341796875
  endloop
 endfacet
 facet normal -0.9047225713729858 -0.41276857256889343 -0.10535311698913574
  outer loop
   vertex -0.08763066864013672 -0.038122520446777344 -1.0699190673828125
   vertex -0.09297764587402343 -0.031400548934936524 -1.050338134765625
   vertex -0.09297764587402343 -0.027219886779785155 -1.0667177734375
  endloop
 endfacet
 facet normal -0.9509986042976379 -0.29337233304977417 -0.09764380753040314
  outer loop
   vertex -0.09297764587402343 -0.021881364822387697 -1.0827574462890626
   vertex -0.09297764587402343 -0.027219886779785155 -1.0667177734375
   vertex -0.09685831451416016 -0.010690937042236328 -1.0785836181640625
  endloop
 endfacet
 facet normal -0.9822651147842407 -0.17322494089603424 -0.07175199687480927
  outer loop
   vertex -0.09685831451416016 -0.004548027038574219 -1.0934139404296874
   vertex -0.09685831451416016 -0.010690937042236328 -1.0785836181640625
   vertex -0.09921147155761718 0.000866961121559143 -1.0742728271484374
  endloop
 endfacet
 facet normal -0.9822652339935303 -0.1732245683670044 -0.07175211608409882
  outer loop
   vertex -0.09685831451416016 -0.004548027038574219 -1.0934139404296874
   vertex -0.09921147155761718 0.000866961121559143 -1.0742728271484374
   vertex -0.09921147155761718 0.006672889232635498 -1.08828955078125
  endloop
 endfacet
 facet normal -0.9980241656303406 -0.056184347718954086 -0.028124025091528893
  outer loop
   vertex -0.09921147155761718 0.013463967323303223 -1.1018563232421876
   vertex -0.09921147155761718 0.006672889232635498 -1.08828955078125
   vertex -0.1 0.01807360076904297 -1.0830830078125
  endloop
 endfacet
 facet normal -0.9980242252349854 -0.056184690445661545 -0.028123941272497177
  outer loop
   vertex -0.09921147155761718 0.013463967323303223 -1.1018563232421876
   vertex -0.1 0.01807360076904297 -1.0830830078125
   vertex -0.1 0.024464202880859376 -1.095849853515625
  endloop
 endfacet
 facet normal -0.9980241656303406 0.054034940898418427 0.03206053003668785
  outer loop
   vertex -0.1 0.03174929428100586 -1.108128173828125
   vertex -0.1 0.024464202880859376 -1.095849853515625
   vertex -0.09921147155761718 0.04229299545288086 -1.1013521728515625
  endloop
 endfacet
 facet normal -0.5875402688980103 -0.8086792826652527 -0.028882011771202087
  outer loop
   vertex -0.05358267974853516 -0.08370809173583985 -1.0202911987304688
   vertex -0.05358267974853516 -0.08443279266357422 -1.0
   vertex -0.06374239730834962 -0.07634542846679687 -1.0197645874023438
  endloop
 endfacet
 facet normal -0.9822652339935303 0.1540135145187378 0.10693372040987015
  outer loop
   vertex -0.09921147155761718 0.049925193786621094 -1.1123446044921874
   vertex -0.09921147155761718 0.04229299545288086 -1.1013521728515625
   vertex -0.09685831451416016 0.05267041778564453 -1.0946829833984375
  endloop
 endfacet
 facet normal -0.9980242252349854 0.05161012336611748 0.035833630710840225
  outer loop
   vertex -0.09921147155761718 0.049925193786621094 -1.1123446044921874
   vertex -0.1 0.03174929428100586 -1.108128173828125
   vertex -0.09921147155761718 0.04229299545288086 -1.1013521728515625
  endloop
 endfacet
 facet normal -0.9822651743888855 0.15401417016983032 0.10693359375
  outer loop
   vertex -0.09921147155761718 0.049925193786621094 -1.1123446044921874
   vertex -0.09685831451416016 0.05267041778564453 -1.0946829833984375
   vertex -0.09685831451416016 0.05980040359497071 -1.1049521484375
  endloop
 endfacet
 facet normal -0.6843147873878479 -0.7250087261199951 -0.07794675976037979
  outer loop
   vertex -0.06374239730834962 -0.07423133850097656 -1.039428466796875
   vertex -0.07289686584472656 -0.06777072143554688 -1.0191513671875
   vertex -0.07289686584472656 -0.06572222900390626 -1.038205078125
  endloop
 endfacet
 facet normal -0.6843146085739136 -0.7250088453292847 -0.07794667035341263
  outer loop
   vertex -0.06374239730834962 -0.07423133850097656 -1.039428466796875
   vertex -0.06374239730834962 -0.07634542846679687 -1.0197645874023438
   vertex -0.07289686584472656 -0.06777072143554688 -1.0191513671875
  endloop
 endfacet
 facet normal -0.9509985446929932 0.24075227975845337 0.19401101768016815
  outer loop
   vertex -0.09685831451416016 0.06764481353759766 -1.1146864013671876
   vertex -0.09297764587402343 0.06936164093017579 -1.097794677734375
   vertex -0.09297764587402343 0.07667108154296876 -1.1068651123046875
  endloop
 endfacet
 facet normal -0.9509986639022827 0.2407514601945877 0.19401110708713531
  outer loop
   vertex -0.09685831451416016 0.06764481353759766 -1.1146864013671876
   vertex -0.09685831451416016 0.05980040359497071 -1.1049521484375
   vertex -0.09297764587402343 0.06936164093017579 -1.097794677734375
  endloop
 endfacet
 facet normal -0.9509984850883484 0.2262982726097107 0.21069172024726868
  outer loop
   vertex -0.09685831451416016 0.06764481353759766 -1.1146864013671876
   vertex -0.09297764587402343 0.07667108154296876 -1.1068651123046875
   vertex -0.09297764587402343 0.08460897827148438 -1.1153909912109374
  endloop
 endfacet
 facet normal -0.9509986639022827 0.22629830241203308 0.2106911540031433
  outer loop
   vertex -0.09685831451416016 0.06764481353759766 -1.1146864013671876
   vertex -0.09297764587402343 0.08460897827148438 -1.1153909912109374
   vertex -0.09685831451416016 0.07616367340087891 -1.1238363037109376
  endloop
 endfacet
 facet normal -0.9822651743888855 0.14599266648292542 0.1176491305232048
  outer loop
   vertex -0.09685831451416016 0.06764481353759766 -1.1146864013671876
   vertex -0.09921147155761718 0.049925193786621094 -1.1123446044921874
   vertex -0.09685831451416016 0.05980040359497071 -1.1049521484375
  endloop
 endfacet
 facet normal -0.7703140377998352 -0.6275330781936646 -0.11321903020143509
  outer loop
   vertex -0.07289686584472656 -0.062319679260253905 -1.057064208984375
   vertex -0.07289686584472656 -0.06572222900390626 -1.038205078125
   vertex -0.08090170288085938 -0.0528646240234375 -1.05500732421875
  endloop
 endfacet
 facet normal -0.844173789024353 -0.519417941570282 -0.1325731724500656
  outer loop
   vertex -0.08090170288085938 -0.04829617691040039 -1.0729063720703125
   vertex -0.08090170288085938 -0.0528646240234375 -1.05500732421875
   vertex -0.08763066864013672 -0.038122520446777344 -1.0699190673828125
  endloop
 endfacet
 facet normal -0.9047225117683411 -0.4042011797428131 -0.13453097641468048
  outer loop
   vertex -0.08763066864013672 -0.032527843475341794 -1.0867283935546874
   vertex -0.08763066864013672 -0.038122520446777344 -1.0699190673828125
   vertex -0.09297764587402343 -0.027219886779785155 -1.0667177734375
  endloop
 endfacet
 facet normal -0.9047226309776306 -0.40420085191726685 -0.13453112542629242
  outer loop
   vertex -0.08763066864013672 -0.032527843475341794 -1.0867283935546874
   vertex -0.09297764587402343 -0.027219886779785155 -1.0667177734375
   vertex -0.09297764587402343 -0.021881364822387697 -1.0827574462890626
  endloop
 endfacet
 facet normal -0.9509987235069275 -0.2856588065624237 -0.11832354962825775
  outer loop
   vertex -0.09297764587402343 -0.015412186622619629 -1.09837548828125
   vertex -0.09685831451416016 -0.010690937042236328 -1.0785836181640625
   vertex -0.09685831451416016 -0.004548027038574219 -1.0934139404296874
  endloop
 endfacet
 facet normal -0.9509986639022827 -0.28565922379493713 -0.1183234378695488
  outer loop
   vertex -0.09297764587402343 -0.015412186622619629 -1.09837548828125
   vertex -0.09297764587402343 -0.021881364822387697 -1.0827574462890626
   vertex -0.09685831451416016 -0.010690937042236328 -1.0785836181640625
  endloop
 endfacet
 facet normal -0.9822651147842407 -0.16766449809074402 -0.08392705023288727
  outer loop
   vertex -0.09685831451416016 0.0026372132301330565 -1.1077681884765624
   vertex -0.09685831451416016 -0.004548027038574219 -1.0934139404296874
   vertex -0.09921147155761718 0.006672889232635498 -1.08828955078125
  endloop
 endfacet
 facet normal -0.982265293598175 -0.16766414046287537 -0.08392713218927383
  outer loop
   vertex -0.09685831451416016 0.0026372132301330565 -1.1077681884765624
   vertex -0.09921147155761718 0.006672889232635498 -1.08828955078125
   vertex -0.09921147155761718 0.013463967323303223 -1.1018563232421876
  endloop
 endfacet
 facet normal -0.9980241656303406 -0.05403492972254753 -0.03206052631139755
  outer loop
   vertex -0.09921147155761718 0.021205591201782226 -1.1149041748046875
   vertex -0.1 0.024464202880859376 -1.095849853515625
   vertex -0.1 0.03174929428100586 -1.108128173828125
  endloop
 endfacet
 facet normal -0.9980241656303406 -0.05403522029519081 -0.03206047788262367
  outer loop
   vertex -0.09921147155761718 0.021205591201782226 -1.1149041748046875
   vertex -0.09921147155761718 0.013463967323303223 -1.1018563232421876
   vertex -0.1 0.024464202880859376 -1.095849853515625
  endloop
 endfacet
 facet normal -0.4815179705619812 -0.8758777379989624 -0.031281985342502594
  outer loop
   vertex -0.042577930450439457 -0.08974259185791016 -1.0207227783203126
   vertex -0.05358267974853516 -0.08443279266357422 -1.0
   vertex -0.05358267974853516 -0.08370809173583985 -1.0202911987304688
  endloop
 endfacet
 facet normal -0.48151788115501404 -0.8758779168128967 -0.031281907111406326
  outer loop
   vertex -0.042577930450439457 -0.08974259185791016 -1.0207227783203126
   vertex -0.042577930450439457 -0.09048270416259765 -1.0
   vertex -0.05358267974853516 -0.08443279266357422 -1.0
  endloop
 endfacet
 facet normal -0.9980242848396301 0.0516100712120533 0.03583335503935814
  outer loop
   vertex -0.1 0.03989175033569336 -1.1198555908203125
   vertex -0.1 0.03174929428100586 -1.108128173828125
   vertex -0.09921147155761718 0.049925193786621094 -1.1123446044921874
  endloop
 endfacet
 facet normal -0.587540328502655 -0.8045583963394165 -0.08649913221597672
  outer loop
   vertex -0.05358267974853516 -0.08153767395019532 -1.04047900390625
   vertex -0.06374239730834962 -0.07634542846679687 -1.0197645874023438
   vertex -0.06374239730834962 -0.07423133850097656 -1.039428466796875
  endloop
 endfacet
 facet normal -0.587540328502655 -0.8045583963394165 -0.08649913966655731
  outer loop
   vertex -0.05358267974853516 -0.08153767395019532 -1.04047900390625
   vertex -0.05358267974853516 -0.08370809173583985 -1.0202911987304688
   vertex -0.06374239730834962 -0.07634542846679687 -1.0197645874023438
  endloop
 endfacet
 facet normal -0.9822651743888855 0.14599263668060303 0.1176488921046257
  outer loop
   vertex -0.09921147155761718 0.05832213973999024 -1.1227645263671875
   vertex -0.09921147155761718 0.049925193786621094 -1.1123446044921874
   vertex -0.09685831451416016 0.06764481353759766 -1.1146864013671876
  endloop
 endfacet
 facet normal -0.9822652339935303 0.13722801208496094 0.12776324152946472
  outer loop
   vertex -0.09921147155761718 0.05832213973999024 -1.1227645263671875
   vertex -0.09685831451416016 0.07616367340087891 -1.1238363037109376
   vertex -0.09921147155761718 0.0674410400390625 -1.1325589599609376
  endloop
 endfacet
 facet normal -0.9822651743888855 0.13722801208496094 0.1277638077735901
  outer loop
   vertex -0.09921147155761718 0.05832213973999024 -1.1227645263671875
   vertex -0.09685831451416016 0.06764481353759766 -1.1146864013671876
   vertex -0.09685831451416016 0.07616367340087891 -1.1238363037109376
  endloop
 endfacet
 facet normal -0.5875405669212341 -0.7963376641273499 -0.14367476105690002
  outer loop
   vertex -0.06374239730834962 -0.07071983337402343 -1.0588914794921875
   vertex -0.05358267974853516 -0.08153767395019532 -1.04047900390625
   vertex -0.06374239730834962 -0.07423133850097656 -1.039428466796875
  endloop
 endfacet
 facet normal -0.6843146085739136 -0.7176010012626648 -0.1294691413640976
  outer loop
   vertex -0.06374239730834962 -0.07071983337402343 -1.0588914794921875
   vertex -0.06374239730834962 -0.07423133850097656 -1.039428466796875
   vertex -0.07289686584472656 -0.06572222900390626 -1.038205078125
  endloop
 endfacet
 facet normal -0.684314489364624 -0.7176011204719543 -0.12946905195713043
  outer loop
   vertex -0.06374239730834962 -0.07071983337402343 -1.0588914794921875
   vertex -0.07289686584472656 -0.06572222900390626 -1.038205078125
   vertex -0.07289686584472656 -0.062319679260253905 -1.057064208984375
  endloop
 endfacet
 facet normal -0.7703141570091248 -0.6178568601608276 -0.1576988697052002
  outer loop
   vertex -0.07289686584472656 -0.05758041000366211 -1.0756324462890625
   vertex -0.07289686584472656 -0.062319679260253905 -1.057064208984375
   vertex -0.08090170288085938 -0.0528646240234375 -1.05500732421875
  endloop
 endfacet
 facet normal -0.7703135013580322 -0.6178578734397888 -0.1576983779668808
  outer loop
   vertex -0.07289686584472656 -0.05758041000366211 -1.0756324462890625
   vertex -0.08090170288085938 -0.0528646240234375 -1.05500732421875
   vertex -0.08090170288085938 -0.04829617691040039 -1.0729063720703125
  endloop
 endfacet
 facet normal -0.844173789024353 -0.5086365938186646 -0.16929076611995697
  outer loop
   vertex -0.08090170288085938 -0.04246246719360352 -1.090433837890625
   vertex -0.08090170288085938 -0.04829617691040039 -1.0729063720703125
   vertex -0.08763066864013672 -0.038122520446777344 -1.0699190673828125
  endloop
 endfacet
 facet normal -0.8441735506057739 -0.5086371302604675 -0.16929055750370026
  outer loop
   vertex -0.08090170288085938 -0.04246246719360352 -1.090433837890625
   vertex -0.08763066864013672 -0.038122520446777344 -1.0699190673828125
   vertex -0.08763066864013672 -0.032527843475341794 -1.0867283935546874
  endloop
 endfacet
 facet normal -0.9047226309776306 -0.3935739994049072 -0.16302300989627838
  outer loop
   vertex -0.08763066864013672 -0.025748254776000977 -1.1030958251953125
   vertex -0.09297764587402343 -0.021881364822387697 -1.0827574462890626
   vertex -0.09297764587402343 -0.015412186622619629 -1.09837548828125
  endloop
 endfacet
 facet normal -0.9047226905822754 -0.3935738205909729 -0.16302305459976196
  outer loop
   vertex -0.08763066864013672 -0.025748254776000977 -1.1030958251953125
   vertex -0.08763066864013672 -0.032527843475341794 -1.0867283935546874
   vertex -0.09297764587402343 -0.021881364822387697 -1.0827574462890626
  endloop
 endfacet
 facet normal -0.9509989023208618 -0.2764890789985657 -0.1384008824825287
  outer loop
   vertex -0.09297764587402343 -0.007845316410064697 -1.1134921875000001
   vertex -0.09685831451416016 -0.004548027038574219 -1.0934139404296874
   vertex -0.09685831451416016 0.0026372132301330565 -1.1077681884765624
  endloop
 endfacet
 facet normal -0.9509987235069275 -0.2764897644519806 -0.13840073347091675
  outer loop
   vertex -0.09297764587402343 -0.007845316410064697 -1.1134921875000001
   vertex -0.09297764587402343 -0.015412186622619629 -1.09837548828125
   vertex -0.09685831451416016 -0.004548027038574219 -1.0934139404296874
  endloop
 endfacet
 facet normal -0.9509990215301514 -0.2659115493297577 -0.1577719748020172
  outer loop
   vertex -0.09685831451416016 0.010828168869018554 -1.1215733642578125
   vertex -0.09297764587402343 -0.007845316410064697 -1.1134921875000001
   vertex -0.09685831451416016 0.0026372132301330565 -1.1077681884765624
  endloop
 endfacet
 facet normal -0.9822651743888855 -0.1612500250339508 -0.09567367285490036
  outer loop
   vertex -0.09685831451416016 0.010828168869018554 -1.1215733642578125
   vertex -0.09685831451416016 0.0026372132301330565 -1.1077681884765624
   vertex -0.09921147155761718 0.013463967323303223 -1.1018563232421876
  endloop
 endfacet
 facet normal -0.9822652339935303 -0.16124992072582245 -0.09567369520664215
  outer loop
   vertex -0.09685831451416016 0.010828168869018554 -1.1215733642578125
   vertex -0.09921147155761718 0.013463967323303223 -1.1018563232421876
   vertex -0.09921147155761718 0.021205591201782226 -1.1149041748046875
  endloop
 endfacet
 facet normal -0.3679218292236328 -0.92926424741745 -0.0331886000931263
  outer loop
   vertex -0.03090169906616211 -0.094353759765625 -1.0210526123046875
   vertex -0.042577930450439457 -0.09048270416259765 -1.0
   vertex -0.042577930450439457 -0.08974259185791016 -1.0207227783203126
  endloop
 endfacet
 facet normal -0.3679217994213104 -0.9292641878128052 -0.0331885851919651
  outer loop
   vertex -0.03090169906616211 -0.094353759765625 -1.0210526123046875
   vertex -0.03090169906616211 -0.09510565185546875 -1.0
   vertex -0.042577930450439457 -0.09048270416259765 -1.0
  endloop
 endfacet
 facet normal -0.982265293598175 -0.15401360392570496 -0.1069335788488388
  outer loop
   vertex -0.09921147155761718 0.02985830879211426 -1.127366455078125
   vertex -0.09685831451416016 0.010828168869018554 -1.1215733642578125
   vertex -0.09921147155761718 0.021205591201782226 -1.1149041748046875
  endloop
 endfacet
 facet normal -0.9980242848396301 -0.051610156893730164 -0.03583357855677605
  outer loop
   vertex -0.09921147155761718 0.02985830879211426 -1.127366455078125
   vertex -0.09921147155761718 0.021205591201782226 -1.1149041748046875
   vertex -0.1 0.03174929428100586 -1.108128173828125
  endloop
 endfacet
 facet normal -0.9980242848396301 -0.05161036550998688 -0.035833559930324554
  outer loop
   vertex -0.09921147155761718 0.02985830879211426 -1.127366455078125
   vertex -0.1 0.03174929428100586 -1.108128173828125
   vertex -0.1 0.03989175033569336 -1.1198555908203125
  endloop
 endfacet
 facet normal -0.4815179407596588 -0.8714145421981812 -0.0936870202422142
  outer loop
   vertex -0.042577930450439457 -0.08752600860595704 -1.0413399658203126
   vertex -0.042577930450439457 -0.08974259185791016 -1.0207227783203126
   vertex -0.05358267974853516 -0.08370809173583985 -1.0202911987304688
  endloop
 endfacet
 facet normal -0.48151782155036926 -0.8714145421981812 -0.09368695318698883
  outer loop
   vertex -0.042577930450439457 -0.08752600860595704 -1.0413399658203126
   vertex -0.05358267974853516 -0.08370809173583985 -1.0202911987304688
   vertex -0.05358267974853516 -0.08153767395019532 -1.04047900390625
  endloop
 endfacet
 facet normal -0.9980242252349854 0.04892202466726303 0.039424050599336624
  outer loop
   vertex -0.1 0.0488500862121582 -1.13097216796875
   vertex -0.09921147155761718 0.049925193786621094 -1.1123446044921874
   vertex -0.09921147155761718 0.05832213973999024 -1.1227645263671875
  endloop
 endfacet
 facet normal -0.9980242848396301 0.04598509520292282 0.04281359910964966
  outer loop
   vertex -0.1 0.0488500862121582 -1.13097216796875
   vertex -0.09921147155761718 0.0674410400390625 -1.1325589599609376
   vertex -0.1 0.05857864379882813 -1.14142138671875
  endloop
 endfacet
 facet normal -0.9980242252349854 0.048922087997198105 0.039424050599336624
  outer loop
   vertex -0.1 0.0488500862121582 -1.13097216796875
   vertex -0.1 0.03989175033569336 -1.1198555908203125
   vertex -0.09921147155761718 0.049925193786621094 -1.1123446044921874
  endloop
 endfacet
 facet normal -0.9980242252349854 0.04598507657647133 0.042813435196876526
  outer loop
   vertex -0.1 0.0488500862121582 -1.13097216796875
   vertex -0.09921147155761718 0.05832213973999024 -1.1227645263671875
   vertex -0.09921147155761718 0.0674410400390625 -1.1325589599609376
  endloop
 endfacet
 facet normal -0.5875404477119446 -0.7963377237319946 -0.1436748504638672
  outer loop
   vertex -0.05358267974853516 -0.07793260955810546 -1.0604605712890625
   vertex -0.05358267974853516 -0.08153767395019532 -1.04047900390625
   vertex -0.06374239730834962 -0.07071983337402343 -1.0588914794921875
  endloop
 endfacet
 facet normal -0.5875406265258789 -0.7840588092803955 -0.20011962950229645
  outer loop
   vertex -0.06374239730834962 -0.06582879638671875 -1.0780543212890625
   vertex -0.05358267974853516 -0.07793260955810546 -1.0604605712890625
   vertex -0.06374239730834962 -0.07071983337402343 -1.0588914794921875
  endloop
 endfacet
 facet normal -0.6843143105506897 -0.7065365314483643 -0.1803331971168518
  outer loop
   vertex -0.06374239730834962 -0.06582879638671875 -1.0780543212890625
   vertex -0.06374239730834962 -0.07071983337402343 -1.0588914794921875
   vertex -0.07289686584472656 -0.062319679260253905 -1.057064208984375
  endloop
 endfacet
 facet normal -0.6843141317367554 -0.7065367698669434 -0.18033309280872345
  outer loop
   vertex -0.06374239730834962 -0.06582879638671875 -1.0780543212890625
   vertex -0.07289686584472656 -0.062319679260253905 -1.057064208984375
   vertex -0.07289686584472656 -0.05758041000366211 -1.0756324462890625
  endloop
 endfacet
 facet normal -0.770313560962677 -0.6050331592559814 -0.20137470960617065
  outer loop
   vertex -0.07289686584472656 -0.05152856826782227 -1.0938153076171875
   vertex -0.08090170288085938 -0.04829617691040039 -1.0729063720703125
   vertex -0.08090170288085938 -0.04246246719360352 -1.090433837890625
  endloop
 endfacet
 facet normal -0.7703134417533875 -0.6050334572792053 -0.2013746201992035
  outer loop
   vertex -0.07289686584472656 -0.05152856826782227 -1.0938153076171875
   vertex -0.07289686584472656 -0.05758041000366211 -1.0756324462890625
   vertex -0.08090170288085938 -0.04829617691040039 -1.0729063720703125
  endloop
 endfacet
 facet normal -0.844173014163971 -0.4952651262283325 -0.20514480769634247
  outer loop
   vertex -0.08090170288085938 -0.035393226623535154 -1.10750048828125
   vertex -0.08763066864013672 -0.032527843475341794 -1.0867283935546874
   vertex -0.08763066864013672 -0.025748254776000977 -1.1030958251953125
  endloop
 endfacet
 facet normal -0.8441736102104187 -0.4952639639377594 -0.20514512062072754
  outer loop
   vertex -0.08090170288085938 -0.035393226623535154 -1.10750048828125
   vertex -0.08090170288085938 -0.04246246719360352 -1.090433837890625
   vertex -0.08763066864013672 -0.032527843475341794 -1.0867283935546874
  endloop
 endfacet
 facet normal -0.9047218561172485 -0.3809424936771393 -0.19068598747253418
  outer loop
   vertex -0.08763066864013672 -0.017818305969238283 -1.118937744140625
   vertex -0.09297764587402343 -0.015412186622619629 -1.09837548828125
   vertex -0.09297764587402343 -0.007845316410064697 -1.1134921875000001
  endloop
 endfacet
 facet normal -0.9047226309776306 -0.3809405565261841 -0.19068643450737
  outer loop
   vertex -0.08763066864013672 -0.017818305969238283 -1.118937744140625
   vertex -0.08763066864013672 -0.025748254776000977 -1.1030958251953125
   vertex -0.09297764587402343 -0.015412186622619629 -1.09837548828125
  endloop
 endfacet
 facet normal -0.9047217965126038 -0.36636847257614136 -0.2173767387866974
  outer loop
   vertex -0.09297764587402343 0.0007806853652000428 -1.1280305175781251
   vertex -0.08763066864013672 -0.017818305969238283 -1.118937744140625
   vertex -0.09297764587402343 -0.007845316410064697 -1.1134921875000001
  endloop
 endfacet
 facet normal -0.9509987235069275 -0.2659119665622711 -0.15777306258678436
  outer loop
   vertex -0.09297764587402343 0.0007806853652000428 -1.1280305175781251
   vertex -0.09297764587402343 -0.007845316410064697 -1.1134921875000001
   vertex -0.09685831451416016 0.010828168869018554 -1.1215733642578125
  endloop
 endfacet
 facet normal -0.24854087829589844 -0.9680042862892151 -0.03457217663526535
  outer loop
   vertex -0.018738130569458007 -0.0974688720703125 -1.021275390625
   vertex -0.03090169906616211 -0.09510565185546875 -1.0
   vertex -0.03090169906616211 -0.094353759765625 -1.0210526123046875
  endloop
 endfacet
 facet normal -0.2485409528017044 -0.9680041670799255 -0.03457222506403923
  outer loop
   vertex -0.018738130569458007 -0.0974688720703125 -1.021275390625
   vertex -0.018738130569458007 -0.09822872161865234 -1.0
   vertex -0.03090169906616211 -0.09510565185546875 -1.0
  endloop
 endfacet
 facet normal -0.9822651743888855 -0.1540137678384781 -0.10693418234586716
  outer loop
   vertex -0.09685831451416016 0.01998310089111328 -1.1347589111328125
   vertex -0.09685831451416016 0.010828168869018554 -1.1215733642578125
   vertex -0.09921147155761718 0.02985830879211426 -1.127366455078125
  endloop
 endfacet
 facet normal -0.36792197823524475 -0.9245288372039795 -0.09939746558666229
  outer loop
   vertex -0.03090169906616211 -0.09210189819335937 -1.0419979248046876
   vertex -0.03090169906616211 -0.094353759765625 -1.0210526123046875
   vertex -0.042577930450439457 -0.08974259185791016 -1.0207227783203126
  endloop
 endfacet
 facet normal -0.3679218888282776 -0.9245288372039795 -0.09939742088317871
  outer loop
   vertex -0.03090169906616211 -0.09210189819335937 -1.0419979248046876
   vertex -0.042577930450439457 -0.08974259185791016 -1.0207227783203126
   vertex -0.042577930450439457 -0.08752600860595704 -1.0413399658203126
  endloop
 endfacet
 facet normal -0.9980242848396301 -0.048922423273324966 -0.03942425921559334
  outer loop
   vertex -0.09921147155761718 0.03937803268432617 -1.1391796875
   vertex -0.09921147155761718 0.02985830879211426 -1.127366455078125
   vertex -0.1 0.03989175033569336 -1.1198555908203125
  endloop
 endfacet
 facet normal -0.9980241656303406 -0.04598531872034073 -0.042813804000616074
  outer loop
   vertex -0.09921147155761718 0.03937803268432617 -1.1391796875
   vertex -0.1 0.0488500862121582 -1.13097216796875
   vertex -0.1 0.05857864379882813 -1.14142138671875
  endloop
 endfacet
 facet normal -0.9980242252349854 -0.04598527029156685 -0.04281342029571533
  outer loop
   vertex -0.09921147155761718 0.03937803268432617 -1.1391796875
   vertex -0.1 0.05857864379882813 -1.14142138671875
   vertex -0.09921147155761718 0.04971624755859375 -1.1502838134765625
  endloop
 endfacet
 facet normal -0.9980241656303406 -0.048922348767519 -0.03942425921559334
  outer loop
   vertex -0.09921147155761718 0.03937803268432617 -1.1391796875
   vertex -0.1 0.03989175033569336 -1.1198555908203125
   vertex -0.1 0.0488500862121582 -1.13097216796875
  endloop
 endfacet
 facet normal -0.48151838779449463 -0.8625105619430542 -0.1556137055158615
  outer loop
   vertex -0.042577930450439457 -0.08384426879882813 -1.06174658203125
   vertex -0.05358267974853516 -0.08153767395019532 -1.04047900390625
   vertex -0.05358267974853516 -0.07793260955810546 -1.0604605712890625
  endloop
 endfacet
 facet normal -0.4815177321434021 -0.8625110387802124 -0.15561331808567047
  outer loop
   vertex -0.042577930450439457 -0.08384426879882813 -1.06174658203125
   vertex -0.042577930450439457 -0.08752600860595704 -1.0413399658203126
   vertex -0.05358267974853516 -0.08153767395019532 -1.04047900390625
  endloop
 endfacet
 facet normal -0.5875414609909058 -0.7840583324432373 -0.2001187801361084
  outer loop
   vertex -0.05358267974853516 -0.07291126251220703 -1.080134033203125
   vertex -0.05358267974853516 -0.07793260955810546 -1.0604605712890625
   vertex -0.06374239730834962 -0.06582879638671875 -1.0780543212890625
  endloop
 endfacet
 facet normal -0.6843141913414001 -0.6918717622756958 -0.23027724027633667
  outer loop
   vertex -0.06374239730834962 -0.059583160400390626 -1.0968194580078126
   vertex -0.07289686584472656 -0.05758041000366211 -1.0756324462890625
   vertex -0.07289686584472656 -0.05152856826782227 -1.0938153076171875
  endloop
 endfacet
 facet normal -0.684313952922821 -0.6918720006942749 -0.23027707636356354
  outer loop
   vertex -0.06374239730834962 -0.059583160400390626 -1.0968194580078126
   vertex -0.06374239730834962 -0.06582879638671875 -1.0780543212890625
   vertex -0.07289686584472656 -0.05758041000366211 -1.0756324462890625
  endloop
 endfacet
 facet normal -0.7703139781951904 -0.589125394821167 -0.24402381479740143
  outer loop
   vertex -0.07289686584472656 -0.04419499588012695 -1.1115201416015625
   vertex -0.08090170288085938 -0.04246246719360352 -1.090433837890625
   vertex -0.08090170288085938 -0.035393226623535154 -1.10750048828125
  endloop
 endfacet
 facet normal -0.7703136205673218 -0.5891259908676147 -0.2440236657857895
  outer loop
   vertex -0.07289686584472656 -0.04419499588012695 -1.1115201416015625
   vertex -0.07289686584472656 -0.05152856826782227 -1.0938153076171875
   vertex -0.08090170288085938 -0.04246246719360352 -1.090433837890625
  endloop
 endfacet
 facet normal -0.844173014163971 -0.47936779260635376 -0.23995529115200043
  outer loop
   vertex -0.08090170288085938 -0.027124475479125977 -1.124019287109375
   vertex -0.08090170288085938 -0.035393226623535154 -1.10750048828125
   vertex -0.08763066864013672 -0.025748254776000977 -1.1030958251953125
  endloop
 endfacet
 facet normal -0.8441733717918396 -0.4793669283390045 -0.23995545506477356
  outer loop
   vertex -0.08090170288085938 -0.027124475479125977 -1.124019287109375
   vertex -0.08763066864013672 -0.025748254776000977 -1.1030958251953125
   vertex -0.08763066864013672 -0.017818305969238283 -1.118937744140625
  endloop
 endfacet
 facet normal -0.9047220349311829 -0.3663681745529175 -0.2173759937286377
  outer loop
   vertex -0.08763066864013672 -0.008778404235839844 -1.1341737060546875
   vertex -0.08763066864013672 -0.017818305969238283 -1.118937744140625
   vertex -0.09297764587402343 0.0007806853652000428 -1.1280305175781251
  endloop
 endfacet
 facet normal -0.1252547800540924 -0.991492509841919 -0.035411108285188675
  outer loop
   vertex -0.006279051780700684 -0.09903881072998047 -1.0213876953125
   vertex -0.018738130569458007 -0.09822872161865234 -1.0
   vertex -0.018738130569458007 -0.0974688720703125 -1.021275390625
  endloop
 endfacet
 facet normal 0.0 -0.9993628859519958 -0.03569229319691658
  outer loop
   vertex -0.006279051780700684 -0.09903881072998047 -1.0213876953125
   vertex 0.006279051780700684 -0.09980267333984376 -1.0
   vertex -0.006279051780700684 -0.09980267333984376 -1.0
  endloop
 endfacet
 facet normal -0.12525494396686554 -0.9914924502372742 -0.035411201417446136
  outer loop
   vertex -0.006279051780700684 -0.09903881072998047 -1.0213876953125
   vertex -0.006279051780700684 -0.09980267333984376 -1.0
   vertex -0.018738130569458007 -0.09822872161865234 -1.0
  endloop
 endfacet
 facet normal -0.9509986639022827 -0.25397881865501404 -0.1763414591550827
  outer loop
   vertex -0.09297764587402343 0.010421863555908203 -1.1419163818359375
   vertex -0.09685831451416016 0.010828168869018554 -1.1215733642578125
   vertex -0.09685831451416016 0.01998310089111328 -1.1347589111328125
  endloop
 endfacet
 facet normal -0.9509987235069275 -0.2539786994457245 -0.1763414889574051
  outer loop
   vertex -0.09297764587402343 0.010421863555908203 -1.1419163818359375
   vertex -0.09297764587402343 0.0007806853652000428 -1.1280305175781251
   vertex -0.09685831451416016 0.010828168869018554 -1.1215733642578125
  endloop
 endfacet
 facet normal -0.24854128062725067 -0.9630714058876038 -0.10354124009609222
  outer loop
   vertex -0.018738130569458007 -0.09519318389892578 -1.0424423828125
   vertex -0.03090169906616211 -0.094353759765625 -1.0210526123046875
   vertex -0.03090169906616211 -0.09210189819335937 -1.0419979248046876
  endloop
 endfacet
 facet normal -0.24854077398777008 -0.9630715250968933 -0.10354094952344894
  outer loop
   vertex -0.018738130569458007 -0.09519318389892578 -1.0424423828125
   vertex -0.018738130569458007 -0.0974688720703125 -1.021275390625
   vertex -0.03090169906616211 -0.094353759765625 -1.0210526123046875
  endloop
 endfacet
 facet normal -0.9822649955749512 -0.13722871243953705 -0.1277642548084259
  outer loop
   vertex -0.09685831451416016 0.030055356979370118 -1.1472578125
   vertex -0.09921147155761718 0.04971624755859375 -1.1502838134765625
   vertex -0.09685831451416016 0.04099361419677734 -1.15900634765625
  endloop
 endfacet
 facet normal -0.9509986639022827 -0.22629839181900024 -0.2106909453868866
  outer loop
   vertex -0.09685831451416016 0.030055356979370118 -1.1472578125
   vertex -0.09685831451416016 0.04099361419677734 -1.15900634765625
   vertex -0.09297764587402343 0.03254830551147461 -1.1674516601562501
  endloop
 endfacet
 facet normal -0.9822651743888855 -0.13722854852676392 -0.12776316702365875
  outer loop
   vertex -0.09685831451416016 0.030055356979370118 -1.1472578125
   vertex -0.09921147155761718 0.03937803268432617 -1.1391796875
   vertex -0.09921147155761718 0.04971624755859375 -1.1502838134765625
  endloop
 endfacet
 facet normal -0.9822651743888855 -0.14599303901195526 -0.11764868348836899
  outer loop
   vertex -0.09685831451416016 0.030055356979370118 -1.1472578125
   vertex -0.09685831451416016 0.01998310089111328 -1.1347589111328125
   vertex -0.09921147155761718 0.02985830879211426 -1.127366455078125
  endloop
 endfacet
 facet normal -0.9509986042976379 -0.24075202643871307 -0.19401034712791443
  outer loop
   vertex -0.09685831451416016 0.030055356979370118 -1.1472578125
   vertex -0.09297764587402343 0.010421863555908203 -1.1419163818359375
   vertex -0.09685831451416016 0.01998310089111328 -1.1347589111328125
  endloop
 endfacet
 facet normal -0.9822651743888855 -0.14599280059337616 -0.11764867603778839
  outer loop
   vertex -0.09685831451416016 0.030055356979370118 -1.1472578125
   vertex -0.09921147155761718 0.02985830879211426 -1.127366455078125
   vertex -0.09921147155761718 0.03937803268432617 -1.1391796875
  endloop
 endfacet
 facet normal -0.3679214417934418 -0.9150827527046204 -0.16509824991226196
  outer loop
   vertex -0.03090169906616211 -0.08836156463623047 -1.062729248046875
   vertex -0.042577930450439457 -0.08752600860595704 -1.0413399658203126
   vertex -0.042577930450439457 -0.08384426879882813 -1.06174658203125
  endloop
 endfacet
 facet normal -0.3679221570491791 -0.9150823354721069 -0.1650986522436142
  outer loop
   vertex -0.03090169906616211 -0.08836156463623047 -1.062729248046875
   vertex -0.03090169906616211 -0.09210189819335937 -1.0419979248046876
   vertex -0.042577930450439457 -0.08752600860595704 -1.0413399658203126
  endloop
 endfacet
 facet normal -0.481518417596817 -0.8492112755775452 -0.21674932539463043
  outer loop
   vertex -0.042577930450439457 -0.07871611785888671 -1.08183837890625
   vertex -0.042577930450439457 -0.08384426879882813 -1.06174658203125
   vertex -0.05358267974853516 -0.07793260955810546 -1.0604605712890625
  endloop
 endfacet
 facet normal -0.48151659965515137 -0.8492124676704407 -0.21674835681915283
  outer loop
   vertex -0.042577930450439457 -0.07871611785888671 -1.08183837890625
   vertex -0.05358267974853516 -0.07793260955810546 -1.0604605712890625
   vertex -0.05358267974853516 -0.07291126251220703 -1.080134033203125
  endloop
 endfacet
 facet normal -0.587541937828064 -0.7677837610244751 -0.2555437982082367
  outer loop
   vertex -0.05358267974853516 -0.06649922943115234 -1.0993990478515625
   vertex -0.05358267974853516 -0.07291126251220703 -1.080134033203125
   vertex -0.06374239730834962 -0.06582879638671875 -1.0780543212890625
  endloop
 endfacet
 facet normal -0.5875408053398132 -0.7677847146987915 -0.25554323196411133
  outer loop
   vertex -0.05358267974853516 -0.06649922943115234 -1.0993990478515625
   vertex -0.06374239730834962 -0.06582879638671875 -1.0780543212890625
   vertex -0.06374239730834962 -0.059583160400390626 -1.0968194580078126
  endloop
 endfacet
 facet normal -0.684313952922821 -0.6736818552017212 -0.27904683351516724
  outer loop
   vertex -0.06374239730834962 -0.05201474761962891 -1.11509130859375
   vertex -0.06374239730834962 -0.059583160400390626 -1.0968194580078126
   vertex -0.07289686584472656 -0.05152856826782227 -1.0938153076171875
  endloop
 endfacet
 facet normal -0.6843149662017822 -0.6736806035041809 -0.27904728055000305
  outer loop
   vertex -0.06374239730834962 -0.05201474761962891 -1.11509130859375
   vertex -0.07289686584472656 -0.05152856826782227 -1.0938153076171875
   vertex -0.07289686584472656 -0.04419499588012695 -1.1115201416015625
  endloop
 endfacet
 facet normal -0.7703139781951904 -0.5702155232429504 -0.28543058037757874
  outer loop
   vertex -0.07289686584472656 -0.03561705780029297 -1.1286566162109375
   vertex -0.08090170288085938 -0.035393226623535154 -1.10750048828125
   vertex -0.08090170288085938 -0.027124475479125977 -1.124019287109375
  endloop
 endfacet
 facet normal -0.7703139781951904 -0.5702155828475952 -0.28543058037757874
  outer loop
   vertex -0.07289686584472656 -0.03561705780029297 -1.1286566162109375
   vertex -0.07289686584472656 -0.04419499588012695 -1.1115201416015625
   vertex -0.08090170288085938 -0.035393226623535154 -1.10750048828125
  endloop
 endfacet
 facet normal -0.6843149662017822 -0.6520565748214722 -0.3263974189758301
  outer loop
   vertex -0.07289686584472656 -0.03561705780029297 -1.1286566162109375
   vertex -0.06374239730834962 -0.05201474761962891 -1.11509130859375
   vertex -0.07289686584472656 -0.04419499588012695 -1.1115201416015625
  endloop
 endfacet
 facet normal -0.8441739678382874 -0.4610273540019989 -0.27353981137275696
  outer loop
   vertex -0.08090170288085938 -0.01769834899902344 -1.1399062500000001
   vertex -0.08763066864013672 -0.017818305969238283 -1.118937744140625
   vertex -0.08763066864013672 -0.008778404235839844 -1.1341737060546875
  endloop
 endfacet
 facet normal -0.8441734313964844 -0.4610286056995392 -0.27353963255882263
  outer loop
   vertex -0.08090170288085938 -0.01769834899902344 -1.1399062500000001
   vertex -0.08090170288085938 -0.027124475479125977 -1.124019287109375
   vertex -0.08763066864013672 -0.017818305969238283 -1.118937744140625
  endloop
 endfacet
 facet normal -0.0 -0.9993628859519958 -0.03569229319691658
  outer loop
   vertex 0.006279051780700684 -0.09903881072998047 -1.0213876953125
   vertex 0.006279051780700684 -0.09980267333984376 -1.0
   vertex -0.006279051780700684 -0.09903881072998047 -1.0213876953125
  endloop
 endfacet
 facet normal -0.8441740870475769 -0.4403385818004608 -0.30573201179504395
  outer loop
   vertex -0.08763066864013672 0.001325383424758911 -1.1487259521484374
   vertex -0.08090170288085938 -0.01769834899902344 -1.1399062500000001
   vertex -0.08763066864013672 -0.008778404235839844 -1.1341737060546875
  endloop
 endfacet
 facet normal -0.9047219753265381 -0.34992745518684387 -0.24295854568481445
  outer loop
   vertex -0.08763066864013672 0.001325383424758911 -1.1487259521484374
   vertex -0.08763066864013672 -0.008778404235839844 -1.1341737060546875
   vertex -0.09297764587402343 0.0007806853652000428 -1.1280305175781251
  endloop
 endfacet
 facet normal -0.9047228693962097 -0.3499252498149872 -0.2429586946964264
  outer loop
   vertex -0.08763066864013672 0.001325383424758911 -1.1487259521484374
   vertex -0.09297764587402343 0.0007806853652000428 -1.1280305175781251
   vertex -0.09297764587402343 0.010421863555908203 -1.1419163818359375
  endloop
 endfacet
 facet normal -0.12525491416454315 -0.9864400029182434 -0.10605333745479584
  outer loop
   vertex -0.006279051780700684 -0.09675111389160157 -1.0426663818359376
   vertex -0.006279051780700684 -0.09903881072998047 -1.0213876953125
   vertex -0.018738130569458007 -0.0974688720703125 -1.021275390625
  endloop
 endfacet
 facet normal -0.12525488436222076 -0.9864400029182434 -0.10605332255363464
  outer loop
   vertex -0.006279051780700684 -0.09675111389160157 -1.0426663818359376
   vertex -0.018738130569458007 -0.0974688720703125 -1.021275390625
   vertex -0.018738130569458007 -0.09519318389892578 -1.0424423828125
  endloop
 endfacet
 facet normal -0.9047229290008545 -0.3317026197910309 -0.2673012316226959
  outer loop
   vertex -0.09297764587402343 0.021029087066650392 -1.1550792236328125
   vertex -0.08763066864013672 0.001325383424758911 -1.1487259521484374
   vertex -0.09297764587402343 0.010421863555908203 -1.1419163818359375
  endloop
 endfacet
 facet normal -0.9509990811347961 -0.240751713514328 -0.19400881230831146
  outer loop
   vertex -0.09297764587402343 0.021029087066650392 -1.1550792236328125
   vertex -0.09297764587402343 0.010421863555908203 -1.1419163818359375
   vertex -0.09685831451416016 0.030055356979370118 -1.1472578125
  endloop
 endfacet
 facet normal -0.9509991407394409 -0.22629646956920624 -0.21069079637527466
  outer loop
   vertex -0.09297764587402343 0.021029087066650392 -1.1550792236328125
   vertex -0.09685831451416016 0.030055356979370118 -1.1472578125
   vertex -0.09297764587402343 0.03254830551147461 -1.1674516601562501
  endloop
 endfacet
 facet normal -0.2485412359237671 -0.9532310366630554 -0.17198194563388824
  outer loop
   vertex -0.018738130569458007 -0.09141326141357423 -1.06339306640625
   vertex -0.018738130569458007 -0.09519318389892578 -1.0424423828125
   vertex -0.03090169906616211 -0.09210189819335937 -1.0419979248046876
  endloop
 endfacet
 facet normal -0.24854035675525665 -0.9532314538955688 -0.17198148369789124
  outer loop
   vertex -0.018738130569458007 -0.09141326141357423 -1.06339306640625
   vertex -0.03090169906616211 -0.09210189819335937 -1.0419979248046876
   vertex -0.03090169906616211 -0.08836156463623047 -1.062729248046875
  endloop
 endfacet
 facet normal -0.3679214119911194 -0.9009730219841003 -0.22995994985103607
  outer loop
   vertex -0.03090169906616211 -0.08315180206298828 -1.083140869140625
   vertex -0.03090169906616211 -0.08836156463623047 -1.062729248046875
   vertex -0.042577930450439457 -0.08384426879882813 -1.06174658203125
  endloop
 endfacet
 facet normal -0.36792266368865967 -0.900972306728363 -0.229960635304451
  outer loop
   vertex -0.03090169906616211 -0.08315180206298828 -1.083140869140625
   vertex -0.042577930450439457 -0.08384426879882813 -1.06174658203125
   vertex -0.042577930450439457 -0.07871611785888671 -1.08183837890625
  endloop
 endfacet
 facet normal -0.48151618242263794 -0.8315865993499756 -0.2767777144908905
  outer loop
   vertex -0.042577930450439457 -0.07216769409179688 -1.1015133056640625
   vertex -0.042577930450439457 -0.07871611785888671 -1.08183837890625
   vertex -0.05358267974853516 -0.07291126251220703 -1.080134033203125
  endloop
 endfacet
 facet normal -0.48151859641075134 -0.8315848708152771 -0.2767788767814636
  outer loop
   vertex -0.042577930450439457 -0.07216769409179688 -1.1015133056640625
   vertex -0.05358267974853516 -0.07291126251220703 -1.080134033203125
   vertex -0.05358267974853516 -0.06649922943115234 -1.0993990478515625
  endloop
 endfacet
 facet normal -0.4815186858177185 -0.8097208738327026 -0.3353981077671051
  outer loop
   vertex -0.05358267974853516 -0.05872916793823242 -1.1181575927734375
   vertex -0.042577930450439457 -0.07216769409179688 -1.1015133056640625
   vertex -0.05358267974853516 -0.06649922943115234 -1.0993990478515625
  endloop
 endfacet
 facet normal -0.5875383615493774 -0.7476004362106323 -0.309664785861969
  outer loop
   vertex -0.05358267974853516 -0.05872916793823242 -1.1181575927734375
   vertex -0.06374239730834962 -0.059583160400390626 -1.0968194580078126
   vertex -0.06374239730834962 -0.05201474761962891 -1.11509130859375
  endloop
 endfacet
 facet normal -0.5875409841537476 -0.7475979328155518 -0.3096659183502197
  outer loop
   vertex -0.05358267974853516 -0.05872916793823242 -1.1181575927734375
   vertex -0.05358267974853516 -0.06649922943115234 -1.0993990478515625
   vertex -0.06374239730834962 -0.059583160400390626 -1.0968194580078126
  endloop
 endfacet
 facet normal -0.6843164563179016 -0.6520559191703796 -0.32639560103416443
  outer loop
   vertex -0.06374239730834962 -0.043162124633789066 -1.132776611328125
   vertex -0.06374239730834962 -0.05201474761962891 -1.11509130859375
   vertex -0.07289686584472656 -0.03561705780029297 -1.1286566162109375
  endloop
 endfacet
 facet normal -0.7703140377998352 -0.5484009981155396 -0.32538071274757385
  outer loop
   vertex -0.07289686584472656 -0.02583847427368164 -1.1451375732421876
   vertex -0.07289686584472656 -0.03561705780029297 -1.1286566162109375
   vertex -0.08090170288085938 -0.027124475479125977 -1.124019287109375
  endloop
 endfacet
 facet normal -0.7703133821487427 -0.5484021306037903 -0.32538047432899475
  outer loop
   vertex -0.07289686584472656 -0.02583847427368164 -1.1451375732421876
   vertex -0.08090170288085938 -0.027124475479125977 -1.124019287109375
   vertex -0.08090170288085938 -0.01769834899902344 -1.1399062500000001
  endloop
 endfacet
 facet normal 0.1252547800540924 -0.9914924502372742 -0.03541119769215584
  outer loop
   vertex 0.018738130569458007 -0.0974688720703125 -1.021275390625
   vertex 0.006279051780700684 -0.09980267333984376 -1.0
   vertex 0.006279051780700684 -0.09903881072998047 -1.0213876953125
  endloop
 endfacet
 facet normal 0.12525494396686554 -0.9914923906326294 -0.035411104559898376
  outer loop
   vertex 0.018738130569458007 -0.0974688720703125 -1.021275390625
   vertex 0.018738130569458007 -0.09822872161865234 -1.0
   vertex 0.006279051780700684 -0.09980267333984376 -1.0
  endloop
 endfacet
 facet normal -0.8441736698150635 -0.4403388500213623 -0.3057329058647156
  outer loop
   vertex -0.08090170288085938 -0.007162881851196289 -1.1550802001953124
   vertex -0.08090170288085938 -0.01769834899902344 -1.1399062500000001
   vertex -0.08763066864013672 0.001325383424758911 -1.1487259521484374
  endloop
 endfacet
 facet normal -0.0 -0.9942702651023865 -0.10689517855644226
  outer loop
   vertex 0.006279051780700684 -0.09675111389160157 -1.0426663818359376
   vertex -0.006279051780700684 -0.09903881072998047 -1.0213876953125
   vertex -0.006279051780700684 -0.09675111389160157 -1.0426663818359376
  endloop
 endfacet
 facet normal 0.0 -0.9942702651023865 -0.10689517855644226
  outer loop
   vertex 0.006279051780700684 -0.09675111389160157 -1.0426663818359376
   vertex 0.006279051780700684 -0.09903881072998047 -1.0213876953125
   vertex -0.006279051780700684 -0.09903881072998047 -1.0213876953125
  endloop
 endfacet
 facet normal -0.9047216773033142 -0.3117884695529938 -0.29028716683387756
  outer loop
   vertex -0.08763066864013672 0.012441572189331056 -1.162520263671875
   vertex -0.09297764587402343 0.021029087066650392 -1.1550792236328125
   vertex -0.09297764587402343 0.03254830551147461 -1.1674516601562501
  endloop
 endfacet
 facet normal -0.9047225117683411 -0.3117881417274475 -0.2902849614620209
  outer loop
   vertex -0.08763066864013672 0.012441572189331056 -1.162520263671875
   vertex -0.09297764587402343 0.03254830551147461 -1.1674516601562501
   vertex -0.08763066864013672 0.02451351547241211 -1.1754864501953126
  endloop
 endfacet
 facet normal -0.904721736907959 -0.33170318603515625 -0.26730406284332275
  outer loop
   vertex -0.08763066864013672 0.012441572189331056 -1.162520263671875
   vertex -0.08763066864013672 0.001325383424758911 -1.1487259521484374
   vertex -0.09297764587402343 0.021029087066650392 -1.1550792236328125
  endloop
 endfacet
 facet normal 0.0 -0.9841111302375793 -0.1775532215833664
  outer loop
   vertex -0.006279051780700684 -0.09295124053955078 -1.0637276611328126
   vertex 0.006279051780700684 -0.09675111389160157 -1.0426663818359376
   vertex -0.006279051780700684 -0.09675111389160157 -1.0426663818359376
  endloop
 endfacet
 facet normal -0.12525488436222076 -0.9763609170913696 -0.17615491151809692
  outer loop
   vertex -0.006279051780700684 -0.09295124053955078 -1.0637276611328126
   vertex -0.006279051780700684 -0.09675111389160157 -1.0426663818359376
   vertex -0.018738130569458007 -0.09519318389892578 -1.0424423828125
  endloop
 endfacet
 facet normal -0.12525509297847748 -0.9763608574867249 -0.17615504562854767
  outer loop
   vertex -0.006279051780700684 -0.09295124053955078 -1.0637276611328126
   vertex -0.018738130569458007 -0.09519318389892578 -1.0424423828125
   vertex -0.018738130569458007 -0.09141326141357423 -1.06339306640625
  endloop
 endfacet
 facet normal -0.1252552717924118 -0.961306631565094 -0.245358407497406
  outer loop
   vertex -0.018738130569458007 -0.08614836883544923 -1.084020751953125
   vertex -0.006279051780700684 -0.09295124053955078 -1.0637276611328126
   vertex -0.018738130569458007 -0.09141326141357423 -1.06339306640625
  endloop
 endfacet
 facet normal -0.24854017794132233 -0.9385337829589844 -0.23954598605632782
  outer loop
   vertex -0.018738130569458007 -0.08614836883544923 -1.084020751953125
   vertex -0.018738130569458007 -0.09141326141357423 -1.06339306640625
   vertex -0.03090169906616211 -0.08836156463623047 -1.062729248046875
  endloop
 endfacet
 facet normal -0.24854139983654022 -0.9385331273078918 -0.23954662680625916
  outer loop
   vertex -0.018738130569458007 -0.08614836883544923 -1.084020751953125
   vertex -0.03090169906616211 -0.08836156463623047 -1.062729248046875
   vertex -0.03090169906616211 -0.08315180206298828 -1.083140869140625
  endloop
 endfacet
 facet normal -0.36792290210723877 -0.882271945476532 -0.2936475872993469
  outer loop
   vertex -0.03090169906616211 -0.07649916076660157 -1.10312890625
   vertex -0.03090169906616211 -0.08315180206298828 -1.083140869140625
   vertex -0.042577930450439457 -0.07871611785888671 -1.08183837890625
  endloop
 endfacet
 facet normal -0.3679226040840149 -0.8822721838951111 -0.293647438287735
  outer loop
   vertex -0.03090169906616211 -0.07649916076660157 -1.10312890625
   vertex -0.042577930450439457 -0.07871611785888671 -1.08183837890625
   vertex -0.042577930450439457 -0.07216769409179688 -1.1015133056640625
  endloop
 endfacet
 facet normal -0.48151975870132446 -0.8097206354141235 -0.33539721369743347
  outer loop
   vertex -0.042577930450439457 -0.06423236083984375 -1.1206708984375
   vertex -0.042577930450439457 -0.07216769409179688 -1.1015133056640625
   vertex -0.05358267974853516 -0.05872916793823242 -1.1181575927734375
  endloop
 endfacet
 facet normal -0.5875380635261536 -0.723604142665863 -0.3622099757194519
  outer loop
   vertex -0.05358267974853516 -0.04964068603515625 -1.1363140869140624
   vertex -0.05358267974853516 -0.05872916793823242 -1.1181575927734375
   vertex -0.06374239730834962 -0.05201474761962891 -1.11509130859375
  endloop
 endfacet
 facet normal -0.5875381827354431 -0.7236040234565735 -0.3622100055217743
  outer loop
   vertex -0.05358267974853516 -0.04964068603515625 -1.1363140869140624
   vertex -0.06374239730834962 -0.05201474761962891 -1.11509130859375
   vertex -0.06374239730834962 -0.043162124633789066 -1.132776611328125
  endloop
 endfacet
 facet normal -0.4815200865268707 -0.7837305665016174 -0.3923070728778839
  outer loop
   vertex -0.05358267974853516 -0.04964068603515625 -1.1363140869140624
   vertex -0.042577930450439457 -0.06423236083984375 -1.1206708984375
   vertex -0.05358267974853516 -0.05872916793823242 -1.1181575927734375
  endloop
 endfacet
 facet normal -0.6843166351318359 -0.6271092295646667 -0.37208154797554016
  outer loop
   vertex -0.06374239730834962 -0.03307040405273438 -1.1497852783203126
   vertex -0.06374239730834962 -0.043162124633789066 -1.132776611328125
   vertex -0.07289686584472656 -0.03561705780029297 -1.1286566162109375
  endloop
 endfacet
 facet normal -0.6843154430389404 -0.6271107792854309 -0.3720812499523163
  outer loop
   vertex -0.06374239730834962 -0.03307040405273438 -1.1497852783203126
   vertex -0.07289686584472656 -0.03561705780029297 -1.1286566162109375
   vertex -0.07289686584472656 -0.02583847427368164 -1.1451375732421876
  endloop
 endfacet
 facet normal 0.24854086339473724 -0.9680041670799255 -0.03457223251461983
  outer loop
   vertex 0.03090169906616211 -0.094353759765625 -1.0210526123046875
   vertex 0.018738130569458007 -0.09822872161865234 -1.0
   vertex 0.018738130569458007 -0.0974688720703125 -1.021275390625
  endloop
 endfacet
 facet normal 0.3679217994213104 -0.9292641878128052 -0.0331885851919651
  outer loop
   vertex 0.03090169906616211 -0.094353759765625 -1.0210526123046875
   vertex 0.042577930450439457 -0.09048270416259765 -1.0
   vertex 0.03090169906616211 -0.09510565185546875 -1.0
  endloop
 endfacet
 facet normal 0.2485409677028656 -0.9680042862892151 -0.03457218408584595
  outer loop
   vertex 0.03090169906616211 -0.094353759765625 -1.0210526123046875
   vertex 0.03090169906616211 -0.09510565185546875 -1.0
   vertex 0.018738130569458007 -0.09822872161865234 -1.0
  endloop
 endfacet
 facet normal -0.7703133821487427 -0.5237916707992554 -0.36367520689964294
  outer loop
   vertex -0.07289686584472656 -0.014909067153930665 -1.16087890625
   vertex -0.07289686584472656 -0.02583847427368164 -1.1451375732421876
   vertex -0.08090170288085938 -0.01769834899902344 -1.1399062500000001
  endloop
 endfacet
 facet normal -0.7703133821487427 -0.5237916707992554 -0.36367523670196533
  outer loop
   vertex -0.07289686584472656 -0.014909067153930665 -1.16087890625
   vertex -0.08090170288085938 -0.01769834899902344 -1.1399062500000001
   vertex -0.08090170288085938 -0.007162881851196289 -1.1550802001953124
  endloop
 endfacet
 facet normal 0.12525485455989838 -0.9864400029182434 -0.10605333000421524
  outer loop
   vertex 0.018738130569458007 -0.09519318389892578 -1.0424423828125
   vertex 0.006279051780700684 -0.09903881072998047 -1.0213876953125
   vertex 0.006279051780700684 -0.09675111389160157 -1.0426663818359376
  endloop
 endfacet
 facet normal 0.12525489926338196 -0.9864400029182434 -0.10605332255363464
  outer loop
   vertex 0.018738130569458007 -0.09519318389892578 -1.0424423828125
   vertex 0.018738130569458007 -0.0974688720703125 -1.021275390625
   vertex 0.006279051780700684 -0.09903881072998047 -1.0213876953125
  endloop
 endfacet
 facet normal -0.8441736102104187 -0.4174058139324188 -0.33636775612831116
  outer loop
   vertex -0.08090170288085938 0.004428239822387696 -1.1694638671875
   vertex -0.08090170288085938 -0.007162881851196289 -1.1550802001953124
   vertex -0.08763066864013672 0.001325383424758911 -1.1487259521484374
  endloop
 endfacet
 facet normal -0.8441736102104187 -0.4174058139324188 -0.33636772632598877
  outer loop
   vertex -0.08090170288085938 0.004428239822387696 -1.1694638671875
   vertex -0.08763066864013672 0.001325383424758911 -1.1487259521484374
   vertex -0.08763066864013672 0.012441572189331056 -1.162520263671875
  endloop
 endfacet
 facet normal -0.8441736102104187 -0.3923466205596924 -0.36528754234313965
  outer loop
   vertex -0.08090170288085938 0.004428239822387696 -1.1694638671875
   vertex -0.08763066864013672 0.012441572189331056 -1.162520263671875
   vertex -0.08763066864013672 0.02451351547241211 -1.1754864501953126
  endloop
 endfacet
 facet normal -0.8441734313964844 -0.39234668016433716 -0.36528801918029785
  outer loop
   vertex -0.08090170288085938 0.004428239822387696 -1.1694638671875
   vertex -0.08763066864013672 0.02451351547241211 -1.1754864501953126
   vertex -0.08090170288085938 0.017015949249267578 -1.1829840087890626
  endloop
 endfacet
 facet normal -0.7703133225440979 -0.49651238322257996 -0.4001160264015198
  outer loop
   vertex -0.08090170288085938 0.004428239822387696 -1.1694638671875
   vertex -0.07289686584472656 -0.014909067153930665 -1.16087890625
   vertex -0.08090170288085938 -0.007162881851196289 -1.1550802001953124
  endloop
 endfacet
 facet normal -0.0 -0.9841111302375793 -0.1775532215833664
  outer loop
   vertex 0.006279051780700684 -0.09295124053955078 -1.0637276611328126
   vertex 0.006279051780700684 -0.09675111389160157 -1.0426663818359376
   vertex -0.006279051780700684 -0.09295124053955078 -1.0637276611328126
  endloop
 endfacet
 facet normal -0.12525567412376404 -0.961306631565094 -0.2453581690788269
  outer loop
   vertex -0.006279051780700684 -0.08765856170654297 -1.0844642333984376
   vertex -0.006279051780700684 -0.09295124053955078 -1.0637276611328126
   vertex -0.018738130569458007 -0.08614836883544923 -1.084020751953125
  endloop
 endfacet
 facet normal 0.0 -0.9689374566078186 -0.24730581045150757
  outer loop
   vertex -0.006279051780700684 -0.08765856170654297 -1.0844642333984376
   vertex 0.006279051780700684 -0.09295124053955078 -1.0637276611328126
   vertex -0.006279051780700684 -0.09295124053955078 -1.0637276611328126
  endloop
 endfacet
 facet normal -0.2485414296388626 -0.9190527200698853 -0.3058909475803375
  outer loop
   vertex -0.018738130569458007 -0.07942532348632812 -1.10422021484375
   vertex -0.018738130569458007 -0.08614836883544923 -1.084020751953125
   vertex -0.03090169906616211 -0.08315180206298828 -1.083140869140625
  endloop
 endfacet
 facet normal -0.248539000749588 -0.9190537929534912 -0.305889755487442
  outer loop
   vertex -0.018738130569458007 -0.07942532348632812 -1.10422021484375
   vertex -0.03090169906616211 -0.08315180206298828 -1.083140869140625
   vertex -0.03090169906616211 -0.07649916076660157 -1.10312890625
  endloop
 endfacet
 facet normal -0.3679228127002716 -0.8590748906135559 -0.3558415174484253
  outer loop
   vertex -0.03090169906616211 -0.0684375457763672 -1.12259130859375
   vertex -0.03090169906616211 -0.07649916076660157 -1.10312890625
   vertex -0.042577930450439457 -0.07216769409179688 -1.1015133056640625
  endloop
 endfacet
 facet normal -0.36792120337486267 -0.8590758442878723 -0.355840802192688
  outer loop
   vertex -0.03090169906616211 -0.0684375457763672 -1.12259130859375
   vertex -0.042577930450439457 -0.07216769409179688 -1.1015133056640625
   vertex -0.042577930450439457 -0.06423236083984375 -1.1206708984375
  endloop
 endfacet
 facet normal -0.48151782155036926 -0.7837309241294861 -0.3923090100288391
  outer loop
   vertex -0.042577930450439457 -0.05495056533813477 -1.1392135009765625
   vertex -0.042577930450439457 -0.06423236083984375 -1.1206708984375
   vertex -0.05358267974853516 -0.04964068603515625 -1.1363140869140624
  endloop
 endfacet
 facet normal -0.587537944316864 -0.6959212422370911 -0.4129077196121216
  outer loop
   vertex -0.05358267974853516 -0.03928009033203125 -1.1537760009765625
   vertex -0.05358267974853516 -0.04964068603515625 -1.1363140869140624
   vertex -0.06374239730834962 -0.043162124633789066 -1.132776611328125
  endloop
 endfacet
 facet normal -0.5875401496887207 -0.6959190368652344 -0.4129083454608917
  outer loop
   vertex -0.05358267974853516 -0.03928009033203125 -1.1537760009765625
   vertex -0.06374239730834962 -0.043162124633789066 -1.132776611328125
   vertex -0.06374239730834962 -0.03307040405273438 -1.1497852783203126
  endloop
 endfacet
 facet normal 0.3679218292236328 -0.92926424741745 -0.033188596367836
  outer loop
   vertex 0.042577930450439457 -0.08974259185791016 -1.0207227783203126
   vertex 0.042577930450439457 -0.09048270416259765 -1.0
   vertex 0.03090169906616211 -0.094353759765625 -1.0210526123046875
  endloop
 endfacet
 facet normal -0.68431556224823 -0.5989679098129272 -0.4158722162246704
  outer loop
   vertex -0.06374239730834962 -0.021791011810302734 -1.1660306396484375
   vertex -0.06374239730834962 -0.03307040405273438 -1.1497852783203126
   vertex -0.07289686584472656 -0.02583847427368164 -1.1451375732421876
  endloop
 endfacet
 facet normal -0.6843144297599792 -0.5989692807197571 -0.4158719778060913
  outer loop
   vertex -0.06374239730834962 -0.021791011810302734 -1.1660306396484375
   vertex -0.07289686584472656 -0.02583847427368164 -1.1451375732421876
   vertex -0.07289686584472656 -0.014909067153930665 -1.16087890625
  endloop
 endfacet
 facet normal -0.5875400900840759 -0.6646889448165894 -0.461503267288208
  outer loop
   vertex -0.06374239730834962 -0.021791011810302734 -1.1660306396484375
   vertex -0.05358267974853516 -0.03928009033203125 -1.1537760009765625
   vertex -0.06374239730834962 -0.03307040405273438 -1.1497852783203126
  endloop
 endfacet
 facet normal 0.2485412359237671 -0.9630714058876038 -0.10354093462228775
  outer loop
   vertex 0.03090169906616211 -0.09210189819335937 -1.0419979248046876
   vertex 0.018738130569458007 -0.0974688720703125 -1.021275390625
   vertex 0.018738130569458007 -0.09519318389892578 -1.0424423828125
  endloop
 endfacet
 facet normal 0.24854078888893127 -0.9630715250968933 -0.10354124754667282
  outer loop
   vertex 0.03090169906616211 -0.09210189819335937 -1.0419979248046876
   vertex 0.03090169906616211 -0.094353759765625 -1.0210526123046875
   vertex 0.018738130569458007 -0.0974688720703125 -1.021275390625
  endloop
 endfacet
 facet normal 0.36792197823524475 -0.9245288372039795 -0.09939746558666229
  outer loop
   vertex 0.03090169906616211 -0.09210189819335937 -1.0419979248046876
   vertex 0.042577930450439457 -0.08974259185791016 -1.0207227783203126
   vertex 0.03090169906616211 -0.094353759765625 -1.0210526123046875
  endloop
 endfacet
 facet normal -0.7703150510787964 -0.466703325510025 -0.4345143437385559
  outer loop
   vertex -0.07289686584472656 -0.002884533166885376 -1.1758004150390626
   vertex -0.08090170288085938 0.017015949249267578 -1.1829840087890626
   vertex -0.07289686584472656 0.010173853874206544 -1.189826171875
  endloop
 endfacet
 facet normal -0.770313560962677 -0.4667035937309265 -0.4345168173313141
  outer loop
   vertex -0.07289686584472656 -0.002884533166885376 -1.1758004150390626
   vertex -0.08090170288085938 0.004428239822387696 -1.1694638671875
   vertex -0.08090170288085938 0.017015949249267578 -1.1829840087890626
  endloop
 endfacet
 facet normal -0.7703135013580322 -0.4965123236179352 -0.4001156687736511
  outer loop
   vertex -0.07289686584472656 -0.002884533166885376 -1.1758004150390626
   vertex -0.07289686584472656 -0.014909067153930665 -1.16087890625
   vertex -0.08090170288085938 0.004428239822387696 -1.1694638671875
  endloop
 endfacet
 facet normal 0.2485412359237671 -0.9532310366630554 -0.17198194563388824
  outer loop
   vertex 0.018738130569458007 -0.09141326141357423 -1.06339306640625
   vertex 0.03090169906616211 -0.09210189819335937 -1.0419979248046876
   vertex 0.018738130569458007 -0.09519318389892578 -1.0424423828125
  endloop
 endfacet
 facet normal 0.12525488436222076 -0.9763608574867249 -0.17615504562854767
  outer loop
   vertex 0.018738130569458007 -0.09141326141357423 -1.06339306640625
   vertex 0.018738130569458007 -0.09519318389892578 -1.0424423828125
   vertex 0.006279051780700684 -0.09675111389160157 -1.0426663818359376
  endloop
 endfacet
 facet normal 0.12525512278079987 -0.9763609170913696 -0.17615491151809692
  outer loop
   vertex 0.018738130569458007 -0.09141326141357423 -1.06339306640625
   vertex 0.006279051780700684 -0.09675111389160157 -1.0426663818359376
   vertex 0.006279051780700684 -0.09295124053955078 -1.0637276611328126
  endloop
 endfacet
 facet normal -0.0 -0.9689374566078186 -0.24730581045150757
  outer loop
   vertex 0.006279051780700684 -0.08765856170654297 -1.0844642333984376
   vertex 0.006279051780700684 -0.09295124053955078 -1.0637276611328126
   vertex -0.006279051780700684 -0.08765856170654297 -1.0844642333984376
  endloop
 endfacet
 facet normal -0.12525592744350433 -0.941352903842926 -0.31331390142440796
  outer loop
   vertex -0.006279051780700684 -0.08090003204345703 -1.104770263671875
   vertex -0.006279051780700684 -0.08765856170654297 -1.0844642333984376
   vertex -0.018738130569458007 -0.08614836883544923 -1.084020751953125
  endloop
 endfacet
 facet normal -0.1252547949552536 -0.9413533210754395 -0.3133133351802826
  outer loop
   vertex -0.006279051780700684 -0.08090003204345703 -1.104770263671875
   vertex -0.018738130569458007 -0.08614836883544923 -1.084020751953125
   vertex -0.018738130569458007 -0.07942532348632812 -1.10422021484375
  endloop
 endfacet
 facet normal -0.2485385239124298 -0.8948901295661926 -0.37067532539367676
  outer loop
   vertex -0.018738130569458007 -0.07127838897705079 -1.123888671875
   vertex -0.018738130569458007 -0.07942532348632812 -1.10422021484375
   vertex -0.03090169906616211 -0.07649916076660157 -1.10312890625
  endloop
 endfacet
 facet normal -0.24854066967964172 -0.8948891758918762 -0.37067633867263794
  outer loop
   vertex -0.018738130569458007 -0.07127838897705079 -1.123888671875
   vertex -0.03090169906616211 -0.07649916076660157 -1.10312890625
   vertex -0.03090169906616211 -0.0684375457763672 -1.12259130859375
  endloop
 endfacet
 facet normal -0.36792105436325073 -0.8315016031265259 -0.4162200689315796
  outer loop
   vertex -0.03090169906616211 -0.05900802993774414 -1.1414290771484374
   vertex -0.03090169906616211 -0.0684375457763672 -1.12259130859375
   vertex -0.042577930450439457 -0.06423236083984375 -1.1206708984375
  endloop
 endfacet
 facet normal -0.36792290210723877 -0.8315004706382751 -0.4162208139896393
  outer loop
   vertex -0.03090169906616211 -0.05900802993774414 -1.1414290771484374
   vertex -0.042577930450439457 -0.06423236083984375 -1.1206708984375
   vertex -0.042577930450439457 -0.05495056533813477 -1.1392135009765625
  endloop
 endfacet
 facet normal -0.4815155863761902 -0.7537494897842407 -0.4472186267375946
  outer loop
   vertex -0.042577930450439457 -0.04436960220336914 -1.1570467529296875
   vertex -0.05358267974853516 -0.04964068603515625 -1.1363140869140624
   vertex -0.05358267974853516 -0.03928009033203125 -1.1537760009765625
  endloop
 endfacet
 facet normal -0.48151782155036926 -0.7537475824356079 -0.4472193419933319
  outer loop
   vertex -0.042577930450439457 -0.04436960220336914 -1.1570467529296875
   vertex -0.042577930450439457 -0.05495056533813477 -1.1392135009765625
   vertex -0.05358267974853516 -0.04964068603515625 -1.1363140869140624
  endloop
 endfacet
 facet normal 0.5875402092933655 -0.8086794018745422 -0.028882015496492386
  outer loop
   vertex 0.05358267974853516 -0.08370809173583985 -1.0202911987304688
   vertex 0.06374239730834962 -0.07705132293701172 -1.0
   vertex 0.05358267974853516 -0.08443279266357422 -1.0
  endloop
 endfacet
 facet normal 0.48151788115501404 -0.875877857208252 -0.031282007694244385
  outer loop
   vertex 0.05358267974853516 -0.08370809173583985 -1.0202911987304688
   vertex 0.05358267974853516 -0.08443279266357422 -1.0
   vertex 0.042577930450439457 -0.09048270416259765 -1.0
  endloop
 endfacet
 facet normal 0.481518030166626 -0.8758777976036072 -0.031281910836696625
  outer loop
   vertex 0.05358267974853516 -0.08370809173583985 -1.0202911987304688
   vertex 0.042577930450439457 -0.09048270416259765 -1.0
   vertex 0.042577930450439457 -0.08974259185791016 -1.0207227783203126
  endloop
 endfacet
 facet normal -0.4815152585506439 -0.7199238538742065 -0.49985265731811523
  outer loop
   vertex -0.05358267974853516 -0.02770018005371094 -1.1704542236328126
   vertex -0.042577930450439457 -0.04436960220336914 -1.1570467529296875
   vertex -0.05358267974853516 -0.03928009033203125 -1.1537760009765625
  endloop
 endfacet
 facet normal -0.5875411033630371 -0.664688766002655 -0.46150219440460205
  outer loop
   vertex -0.05358267974853516 -0.02770018005371094 -1.1704542236328126
   vertex -0.05358267974853516 -0.03928009033203125 -1.1537760009765625
   vertex -0.06374239730834962 -0.021791011810302734 -1.1660306396484375
  endloop
 endfacet
 facet normal 0.3679218888282776 -0.9245288372039795 -0.09939741343259811
  outer loop
   vertex 0.042577930450439457 -0.08752600860595704 -1.0413399658203126
   vertex 0.042577930450439457 -0.08974259185791016 -1.0207227783203126
   vertex 0.03090169906616211 -0.09210189819335937 -1.0419979248046876
  endloop
 endfacet
 facet normal -0.6843154430389404 -0.5336876511573792 -0.4968801438808441
  outer loop
   vertex -0.06374239730834962 -0.009381420135498047 -1.1814300537109375
   vertex -0.07289686584472656 0.010173853874206544 -1.189826171875
   vertex -0.06374239730834962 0.00409512996673584 -1.1959049072265626
  endloop
 endfacet
 facet normal -0.6843143701553345 -0.567776083946228 -0.45754140615463257
  outer loop
   vertex -0.06374239730834962 -0.009381420135498047 -1.1814300537109375
   vertex -0.06374239730834962 -0.021791011810302734 -1.1660306396484375
   vertex -0.07289686584472656 -0.014909067153930665 -1.16087890625
  endloop
 endfacet
 facet normal -0.6843166351318359 -0.5336875319480896 -0.49687859416007996
  outer loop
   vertex -0.06374239730834962 -0.009381420135498047 -1.1814300537109375
   vertex -0.07289686584472656 -0.002884533166885376 -1.1758004150390626
   vertex -0.07289686584472656 0.010173853874206544 -1.189826171875
  endloop
 endfacet
 facet normal -0.6843165159225464 -0.5677734017372131 -0.4575415849685669
  outer loop
   vertex -0.06374239730834962 -0.009381420135498047 -1.1814300537109375
   vertex -0.07289686584472656 -0.014909067153930665 -1.16087890625
   vertex -0.07289686584472656 -0.002884533166885376 -1.1758004150390626
  endloop
 endfacet
 facet normal 0.24854035675525665 -0.9532314538955688 -0.17198148369789124
  outer loop
   vertex 0.03090169906616211 -0.08836156463623047 -1.062729248046875
   vertex 0.03090169906616211 -0.09210189819335937 -1.0419979248046876
   vertex 0.018738130569458007 -0.09141326141357423 -1.06339306640625
  endloop
 endfacet
 facet normal 0.12525567412376404 -0.961306631565094 -0.2453581690788269
  outer loop
   vertex 0.018738130569458007 -0.08614836883544923 -1.084020751953125
   vertex 0.006279051780700684 -0.09295124053955078 -1.0637276611328126
   vertex 0.006279051780700684 -0.08765856170654297 -1.0844642333984376
  endloop
 endfacet
 facet normal 0.1252552717924118 -0.961306631565094 -0.245358407497406
  outer loop
   vertex 0.018738130569458007 -0.08614836883544923 -1.084020751953125
   vertex 0.018738130569458007 -0.09141326141357423 -1.06339306640625
   vertex 0.006279051780700684 -0.09295124053955078 -1.0637276611328126
  endloop
 endfacet
 facet normal 0.0 -0.9488254189491272 -0.3158009946346283
  outer loop
   vertex 0.006279051780700684 -0.08090003204345703 -1.104770263671875
   vertex 0.006279051780700684 -0.08765856170654297 -1.0844642333984376
   vertex -0.006279051780700684 -0.08765856170654297 -1.0844642333984376
  endloop
 endfacet
 facet normal -0.0 -0.9488254189491272 -0.3158009946346283
  outer loop
   vertex 0.006279051780700684 -0.08090003204345703 -1.104770263671875
   vertex -0.006279051780700684 -0.08765856170654297 -1.0844642333984376
   vertex -0.006279051780700684 -0.08090003204345703 -1.104770263671875
  endloop
 endfacet
 facet normal -0.12525393068790436 -0.9166039228439331 -0.3796694874763489
  outer loop
   vertex -0.006279051780700684 -0.0727101058959961 -1.12454248046875
   vertex -0.018738130569458007 -0.07942532348632812 -1.10422021484375
   vertex -0.018738130569458007 -0.07127838897705079 -1.123888671875
  endloop
 endfacet
 facet normal -0.12525483965873718 -0.9166034460067749 -0.37966984510421753
  outer loop
   vertex -0.006279051780700684 -0.0727101058959961 -1.12454248046875
   vertex -0.006279051780700684 -0.08090003204345703 -1.104770263671875
   vertex -0.018738130569458007 -0.07942532348632812 -1.10422021484375
  endloop
 endfacet
 facet normal -0.24854061007499695 -0.8661656379699707 -0.4335719048976898
  outer loop
   vertex -0.018738130569458007 -0.06174908447265625 -1.14292578125
   vertex -0.018738130569458007 -0.07127838897705079 -1.123888671875
   vertex -0.03090169906616211 -0.0684375457763672 -1.12259130859375
  endloop
 endfacet
 facet normal -0.2485402673482895 -0.8661658763885498 -0.4335717558860779
  outer loop
   vertex -0.018738130569458007 -0.06174908447265625 -1.14292578125
   vertex -0.03090169906616211 -0.0684375457763672 -1.12259130859375
   vertex -0.03090169906616211 -0.05900802993774414 -1.1414290771484374
  endloop
 endfacet
 facet normal -0.36792299151420593 -0.7996894717216492 -0.47447800636291504
  outer loop
   vertex -0.03090169906616211 -0.048258670806884764 -1.159546142578125
   vertex -0.03090169906616211 -0.05900802993774414 -1.1414290771484374
   vertex -0.042577930450439457 -0.05495056533813477 -1.1392135009765625
  endloop
 endfacet
 facet normal -0.24854013323783875 -0.8330281972885132 -0.4942587912082672
  outer loop
   vertex -0.03090169906616211 -0.048258670806884764 -1.159546142578125
   vertex -0.018738130569458007 -0.06174908447265625 -1.14292578125
   vertex -0.03090169906616211 -0.05900802993774414 -1.1414290771484374
  endloop
 endfacet
 facet normal -0.36792290210723877 -0.7996895909309387 -0.47447800636291504
  outer loop
   vertex -0.03090169906616211 -0.048258670806884764 -1.159546142578125
   vertex -0.042577930450439457 -0.05495056533813477 -1.1392135009765625
   vertex -0.042577930450439457 -0.04436960220336914 -1.1570467529296875
  endloop
 endfacet
 facet normal 0.5875402688980103 -0.8086793422698975 -0.028882073238492012
  outer loop
   vertex 0.06374239730834962 -0.07634542846679687 -1.0197645874023438
   vertex 0.06374239730834962 -0.07705132293701172 -1.0
   vertex 0.05358267974853516 -0.08370809173583985 -1.0202911987304688
  endloop
 endfacet
 facet normal 0.6843149065971375 -0.7287220358848572 -0.026026388630270958
  outer loop
   vertex 0.06374239730834962 -0.07634542846679687 -1.0197645874023438
   vertex 0.07289686584472656 -0.06845471191406251 -1.0
   vertex 0.06374239730834962 -0.07705132293701172 -1.0
  endloop
 endfacet
 facet normal -0.48151901364326477 -0.7199236154556274 -0.49984925985336304
  outer loop
   vertex -0.042577930450439457 -0.03254338455200195 -1.174079833984375
   vertex -0.042577930450439457 -0.04436960220336914 -1.1570467529296875
   vertex -0.05358267974853516 -0.02770018005371094 -1.1704542236328126
  endloop
 endfacet
 facet normal 0.48151782155036926 -0.8714145421981812 -0.0936870276927948
  outer loop
   vertex 0.05358267974853516 -0.08153767395019532 -1.04047900390625
   vertex 0.042577930450439457 -0.08974259185791016 -1.0207227783203126
   vertex 0.042577930450439457 -0.08752600860595704 -1.0413399658203126
  endloop
 endfacet
 facet normal 0.4815179407596588 -0.8714144825935364 -0.09368693083524704
  outer loop
   vertex 0.05358267974853516 -0.08153767395019532 -1.04047900390625
   vertex 0.05358267974853516 -0.08370809173583985 -1.0202911987304688
   vertex 0.042577930450439457 -0.08974259185791016 -1.0207227783203126
  endloop
 endfacet
 facet normal -0.5875410437583923 -0.6300731897354126 -0.5077433586120605
  outer loop
   vertex -0.05358267974853516 -0.014959961891174317 -1.186263916015625
   vertex -0.06374239730834962 -0.021791011810302734 -1.1660306396484375
   vertex -0.06374239730834962 -0.009381420135498047 -1.1814300537109375
  endloop
 endfacet
 facet normal -0.5875400304794312 -0.5922451615333557 -0.551400363445282
  outer loop
   vertex -0.05358267974853516 -0.014959961891174317 -1.186263916015625
   vertex -0.06374239730834962 0.00409512996673584 -1.1959049072265626
   vertex -0.05358267974853516 -0.0011243563890457153 -1.2011243896484376
  endloop
 endfacet
 facet normal -0.5875411629676819 -0.5922451615333557 -0.5513991117477417
  outer loop
   vertex -0.05358267974853516 -0.014959961891174317 -1.186263916015625
   vertex -0.06374239730834962 -0.009381420135498047 -1.1814300537109375
   vertex -0.06374239730834962 0.00409512996673584 -1.1959049072265626
  endloop
 endfacet
 facet normal -0.5875412821769714 -0.6300729513168335 -0.5077434182167053
  outer loop
   vertex -0.05358267974853516 -0.014959961891174317 -1.186263916015625
   vertex -0.05358267974853516 -0.02770018005371094 -1.1704542236328126
   vertex -0.06374239730834962 -0.021791011810302734 -1.1660306396484375
  endloop
 endfacet
 facet normal 0.3679221570491791 -0.9150825142860413 -0.16509820520877838
  outer loop
   vertex 0.042577930450439457 -0.08384426879882813 -1.06174658203125
   vertex 0.042577930450439457 -0.08752600860595704 -1.0413399658203126
   vertex 0.03090169906616211 -0.09210189819335937 -1.0419979248046876
  endloop
 endfacet
 facet normal 0.36792147159576416 -0.9150826930999756 -0.16509869694709778
  outer loop
   vertex 0.042577930450439457 -0.08384426879882813 -1.06174658203125
   vertex 0.03090169906616211 -0.09210189819335937 -1.0419979248046876
   vertex 0.03090169906616211 -0.08836156463623047 -1.062729248046875
  endloop
 endfacet
 facet normal 0.24854016304016113 -0.9385335445404053 -0.23954671621322632
  outer loop
   vertex 0.03090169906616211 -0.08315180206298828 -1.083140869140625
   vertex 0.03090169906616211 -0.08836156463623047 -1.062729248046875
   vertex 0.018738130569458007 -0.09141326141357423 -1.06339306640625
  endloop
 endfacet
 facet normal 0.24854139983654022 -0.9385334253311157 -0.23954589664936066
  outer loop
   vertex 0.03090169906616211 -0.08315180206298828 -1.083140869140625
   vertex 0.018738130569458007 -0.09141326141357423 -1.06339306640625
   vertex 0.018738130569458007 -0.08614836883544923 -1.084020751953125
  endloop
 endfacet
 facet normal 0.3679214119911194 -0.9009730219841003 -0.22995994985103607
  outer loop
   vertex 0.03090169906616211 -0.08315180206298828 -1.083140869140625
   vertex 0.042577930450439457 -0.08384426879882813 -1.06174658203125
   vertex 0.03090169906616211 -0.08836156463623047 -1.062729248046875
  endloop
 endfacet
 facet normal 0.12525592744350433 -0.9413530826568604 -0.3133132755756378
  outer loop
   vertex 0.018738130569458007 -0.07942532348632812 -1.10422021484375
   vertex 0.018738130569458007 -0.08614836883544923 -1.084020751953125
   vertex 0.006279051780700684 -0.08765856170654297 -1.0844642333984376
  endloop
 endfacet
 facet normal 0.1252547949552536 -0.9413530230522156 -0.31331393122673035
  outer loop
   vertex 0.018738130569458007 -0.07942532348632812 -1.10422021484375
   vertex 0.006279051780700684 -0.08765856170654297 -1.0844642333984376
   vertex 0.006279051780700684 -0.08090003204345703 -1.104770263671875
  endloop
 endfacet
 facet normal -0.0 -0.9238794445991516 -0.382683664560318
  outer loop
   vertex 0.006279051780700684 -0.0727101058959961 -1.12454248046875
   vertex -0.006279051780700684 -0.08090003204345703 -1.104770263671875
   vertex -0.006279051780700684 -0.0727101058959961 -1.12454248046875
  endloop
 endfacet
 facet normal 0.0 -0.9238794445991516 -0.382683664560318
  outer loop
   vertex 0.006279051780700684 -0.0727101058959961 -1.12454248046875
   vertex 0.006279051780700684 -0.08090003204345703 -1.104770263671875
   vertex -0.006279051780700684 -0.08090003204345703 -1.104770263671875
  endloop
 endfacet
 facet normal -0.12525372207164764 -0.8871839642524719 -0.4440903067588806
  outer loop
   vertex -0.006279051780700684 -0.06313050842285156 -1.14368017578125
   vertex -0.006279051780700684 -0.0727101058959961 -1.12454248046875
   vertex -0.018738130569458007 -0.07127838897705079 -1.123888671875
  endloop
 endfacet
 facet normal 0.0 -0.8942261934280396 -0.4476153552532196
  outer loop
   vertex -0.006279051780700684 -0.06313050842285156 -1.14368017578125
   vertex 0.006279051780700684 -0.0727101058959961 -1.12454248046875
   vertex -0.006279051780700684 -0.0727101058959961 -1.12454248046875
  endloop
 endfacet
 facet normal -0.1252577155828476 -0.8871824145317078 -0.44409215450286865
  outer loop
   vertex -0.006279051780700684 -0.06313050842285156 -1.14368017578125
   vertex -0.018738130569458007 -0.07127838897705079 -1.123888671875
   vertex -0.018738130569458007 -0.06174908447265625 -1.14292578125
  endloop
 endfacet
 facet normal -0.24854177236557007 -0.8330283761024475 -0.49425774812698364
  outer loop
   vertex -0.018738130569458007 -0.050885967254638675 -1.161234619140625
   vertex -0.018738130569458007 -0.06174908447265625 -1.14292578125
   vertex -0.03090169906616211 -0.048258670806884764 -1.159546142578125
  endloop
 endfacet
 facet normal 0.6843147873878479 -0.728722095489502 -0.0260262880474329
  outer loop
   vertex 0.07289686584472656 -0.06777072143554688 -1.0191513671875
   vertex 0.07289686584472656 -0.06845471191406251 -1.0
   vertex 0.06374239730834962 -0.07634542846679687 -1.0197645874023438
  endloop
 endfacet
 facet normal -0.3679199814796448 -0.7638055086135864 -0.5303168296813965
  outer loop
   vertex -0.03090169906616211 -0.03624424362182617 -1.1768502197265625
   vertex -0.042577930450439457 -0.04436960220336914 -1.1570467529296875
   vertex -0.042577930450439457 -0.03254338455200195 -1.174079833984375
  endloop
 endfacet
 facet normal -0.24854183197021484 -0.7956457138061523 -0.5524263381958008
  outer loop
   vertex -0.03090169906616211 -0.03624424362182617 -1.1768502197265625
   vertex -0.018738130569458007 -0.050885967254638675 -1.161234619140625
   vertex -0.03090169906616211 -0.048258670806884764 -1.159546142578125
  endloop
 endfacet
 facet normal -0.3679230511188507 -0.7638034224510193 -0.5303178429603577
  outer loop
   vertex -0.03090169906616211 -0.03624424362182617 -1.1768502197265625
   vertex -0.03090169906616211 -0.048258670806884764 -1.159546142578125
   vertex -0.042577930450439457 -0.04436960220336914 -1.1570467529296875
  endloop
 endfacet
 facet normal 0.587540328502655 -0.8045583963394165 -0.08649914711713791
  outer loop
   vertex 0.06374239730834962 -0.07423133850097656 -1.039428466796875
   vertex 0.06374239730834962 -0.07634542846679687 -1.0197645874023438
   vertex 0.05358267974853516 -0.08370809173583985 -1.0202911987304688
  endloop
 endfacet
 facet normal 0.5875403881072998 -0.8045583963394165 -0.0864991545677185
  outer loop
   vertex 0.06374239730834962 -0.07423133850097656 -1.039428466796875
   vertex 0.05358267974853516 -0.08370809173583985 -1.0202911987304688
   vertex 0.05358267974853516 -0.08153767395019532 -1.04047900390625
  endloop
 endfacet
 facet normal -0.4815187156200409 -0.6414598226547241 -0.5972177982330322
  outer loop
   vertex -0.042577930450439457 -0.01953218078613281 -1.1902257080078125
   vertex -0.05358267974853516 -0.0011243563890457153 -1.2011243896484376
   vertex -0.042577930450439457 -0.00540229082107544 -1.20540234375
  endloop
 endfacet
 facet normal -0.4815155267715454 -0.641459584236145 -0.5972205996513367
  outer loop
   vertex -0.042577930450439457 -0.01953218078613281 -1.1902257080078125
   vertex -0.05358267974853516 -0.014959961891174317 -1.186263916015625
   vertex -0.05358267974853516 -0.0011243563890457153 -1.2011243896484376
  endloop
 endfacet
 facet normal -0.48151564598083496 -0.6824313998222351 -0.5499364137649536
  outer loop
   vertex -0.042577930450439457 -0.01953218078613281 -1.1902257080078125
   vertex -0.05358267974853516 -0.02770018005371094 -1.1704542236328126
   vertex -0.05358267974853516 -0.014959961891174317 -1.186263916015625
  endloop
 endfacet
 facet normal -0.4815192222595215 -0.6824283599853516 -0.5499370694160461
  outer loop
   vertex -0.042577930450439457 -0.01953218078613281 -1.1902257080078125
   vertex -0.042577930450439457 -0.03254338455200195 -1.174079833984375
   vertex -0.05358267974853516 -0.02770018005371094 -1.1704542236328126
  endloop
 endfacet
 facet normal 0.4815176725387573 -0.8625109195709229 -0.15561378002166748
  outer loop
   vertex 0.05358267974853516 -0.07793260955810546 -1.0604605712890625
   vertex 0.05358267974853516 -0.08153767395019532 -1.04047900390625
   vertex 0.042577930450439457 -0.08752600860595704 -1.0413399658203126
  endloop
 endfacet
 facet normal 0.4815184473991394 -0.8625106811523438 -0.1556132584810257
  outer loop
   vertex 0.05358267974853516 -0.07793260955810546 -1.0604605712890625
   vertex 0.042577930450439457 -0.08752600860595704 -1.0413399658203126
   vertex 0.042577930450439457 -0.08384426879882813 -1.06174658203125
  endloop
 endfacet
 facet normal 0.36792266368865967 -0.900972306728363 -0.2299606204032898
  outer loop
   vertex 0.042577930450439457 -0.07871611785888671 -1.08183837890625
   vertex 0.042577930450439457 -0.08384426879882813 -1.06174658203125
   vertex 0.03090169906616211 -0.08315180206298828 -1.083140869140625
  endloop
 endfacet
 facet normal 0.248539000749588 -0.9190532565116882 -0.3058911859989166
  outer loop
   vertex 0.03090169906616211 -0.07649916076660157 -1.10312890625
   vertex 0.018738130569458007 -0.08614836883544923 -1.084020751953125
   vertex 0.018738130569458007 -0.07942532348632812 -1.10422021484375
  endloop
 endfacet
 facet normal 0.248541459441185 -0.9190531373023987 -0.3058895468711853
  outer loop
   vertex 0.03090169906616211 -0.07649916076660157 -1.10312890625
   vertex 0.03090169906616211 -0.08315180206298828 -1.083140869140625
   vertex 0.018738130569458007 -0.08614836883544923 -1.084020751953125
  endloop
 endfacet
 facet normal 0.12525483965873718 -0.9166037440299988 -0.3796693682670593
  outer loop
   vertex 0.018738130569458007 -0.07127838897705079 -1.123888671875
   vertex 0.018738130569458007 -0.07942532348632812 -1.10422021484375
   vertex 0.006279051780700684 -0.08090003204345703 -1.104770263671875
  endloop
 endfacet
 facet normal 0.2485385239124298 -0.8948901295661926 -0.37067532539367676
  outer loop
   vertex 0.018738130569458007 -0.07127838897705079 -1.123888671875
   vertex 0.03090169906616211 -0.07649916076660157 -1.10312890625
   vertex 0.018738130569458007 -0.07942532348632812 -1.10422021484375
  endloop
 endfacet
 facet normal 0.12525391578674316 -0.916603684425354 -0.3796699345111847
  outer loop
   vertex 0.018738130569458007 -0.07127838897705079 -1.123888671875
   vertex 0.006279051780700684 -0.08090003204345703 -1.104770263671875
   vertex 0.006279051780700684 -0.0727101058959961 -1.12454248046875
  endloop
 endfacet
 facet normal -0.0 -0.8942261934280396 -0.4476153552532196
  outer loop
   vertex 0.006279051780700684 -0.06313050842285156 -1.14368017578125
   vertex 0.006279051780700684 -0.0727101058959961 -1.12454248046875
   vertex -0.006279051780700684 -0.06313050842285156 -1.14368017578125
  endloop
 endfacet
 facet normal -0.12525811791419983 -0.853240430355072 -0.5062521696090698
  outer loop
   vertex -0.006279051780700684 -0.05221005630493164 -1.1620855712890625
   vertex -0.006279051780700684 -0.06313050842285156 -1.14368017578125
   vertex -0.018738130569458007 -0.06174908447265625 -1.14292578125
  endloop
 endfacet
 facet normal -0.12525510787963867 -0.8532416820526123 -0.5062508583068848
  outer loop
   vertex -0.006279051780700684 -0.05221005630493164 -1.1620855712890625
   vertex -0.018738130569458007 -0.06174908447265625 -1.14292578125
   vertex -0.018738130569458007 -0.050885967254638675 -1.161234619140625
  endloop
 endfacet
 facet normal 0.0 -0.8600137233734131 -0.5102709531784058
  outer loop
   vertex -0.006279051780700684 -0.05221005630493164 -1.1620855712890625
   vertex 0.006279051780700684 -0.06313050842285156 -1.14368017578125
   vertex -0.006279051780700684 -0.06313050842285156 -1.14368017578125
  endloop
 endfacet
 facet normal 0.7703137993812561 -0.637258768081665 -0.022759687155485153
  outer loop
   vertex 0.08090170288085938 -0.058119186401367186 -1.0184610595703125
   vertex 0.07289686584472656 -0.06845471191406251 -1.0
   vertex 0.07289686584472656 -0.06777072143554688 -1.0191513671875
  endloop
 endfacet
 facet normal 0.8441734313964844 -0.5357285737991333 -0.019133636727929115
  outer loop
   vertex 0.08090170288085938 -0.058119186401367186 -1.0184610595703125
   vertex 0.08763066864013672 -0.04817536926269531 -1.0
   vertex 0.08090170288085938 -0.058778526306152344 -1.0
  endloop
 endfacet
 facet normal 0.7703136801719666 -0.6372588872909546 -0.022759810090065002
  outer loop
   vertex 0.08090170288085938 -0.058119186401367186 -1.0184610595703125
   vertex 0.08090170288085938 -0.058778526306152344 -1.0
   vertex 0.07289686584472656 -0.06845471191406251 -1.0
  endloop
 endfacet
 facet normal -0.2485409528017044 -0.7956456542015076 -0.5524269342422485
  outer loop
   vertex -0.018738130569458007 -0.038744392395019533 -1.1787218017578125
   vertex -0.018738130569458007 -0.050885967254638675 -1.161234619140625
   vertex -0.03090169906616211 -0.03624424362182617 -1.1768502197265625
  endloop
 endfacet
 facet normal 0.6843146681785583 -0.7250087857246399 -0.07794675976037979
  outer loop
   vertex 0.07289686584472656 -0.06572222900390626 -1.038205078125
   vertex 0.07289686584472656 -0.06777072143554688 -1.0191513671875
   vertex 0.06374239730834962 -0.07634542846679687 -1.0197645874023438
  endloop
 endfacet
 facet normal 0.6843147277832031 -0.7250087261199951 -0.07794665545225143
  outer loop
   vertex 0.07289686584472656 -0.06572222900390626 -1.038205078125
   vertex 0.06374239730834962 -0.07634542846679687 -1.0197645874023438
   vertex 0.06374239730834962 -0.07423133850097656 -1.039428466796875
  endloop
 endfacet
 facet normal -0.3679218590259552 -0.6805592775344849 -0.6336185932159424
  outer loop
   vertex -0.03090169906616211 -0.023025970458984375 -1.1932530517578126
   vertex -0.042577930450439457 -0.00540229082107544 -1.20540234375
   vertex -0.03090169906616211 -0.008671207427978516 -1.2086712646484374
  endloop
 endfacet
 facet normal -0.3679197430610657 -0.6805589199066162 -0.6336202025413513
  outer loop
   vertex -0.03090169906616211 -0.023025970458984375 -1.1932530517578126
   vertex -0.042577930450439457 -0.01953218078613281 -1.1902257080078125
   vertex -0.042577930450439457 -0.00540229082107544 -1.20540234375
  endloop
 endfacet
 facet normal -0.36791983246803284 -0.7240249514579773 -0.5834577083587646
  outer loop
   vertex -0.03090169906616211 -0.023025970458984375 -1.1932530517578126
   vertex -0.03090169906616211 -0.03624424362182617 -1.1768502197265625
   vertex -0.042577930450439457 -0.03254338455200195 -1.174079833984375
  endloop
 endfacet
 facet normal -0.367919921875 -0.7240249514579773 -0.5834577083587646
  outer loop
   vertex -0.03090169906616211 -0.023025970458984375 -1.1932530517578126
   vertex -0.042577930450439457 -0.03254338455200195 -1.174079833984375
   vertex -0.042577930450439457 -0.01953218078613281 -1.1902257080078125
  endloop
 endfacet
 facet normal 0.5875405669212341 -0.7963376641273499 -0.14367476105690002
  outer loop
   vertex 0.06374239730834962 -0.07071983337402343 -1.0588914794921875
   vertex 0.06374239730834962 -0.07423133850097656 -1.039428466796875
   vertex 0.05358267974853516 -0.08153767395019532 -1.04047900390625
  endloop
 endfacet
 facet normal 0.6843146085739136 -0.7176010012626648 -0.1294691413640976
  outer loop
   vertex 0.06374239730834962 -0.07071983337402343 -1.0588914794921875
   vertex 0.07289686584472656 -0.06572222900390626 -1.038205078125
   vertex 0.06374239730834962 -0.07423133850097656 -1.039428466796875
  endloop
 endfacet
 facet normal 0.5875404477119446 -0.7963377237319946 -0.1436748504638672
  outer loop
   vertex 0.06374239730834962 -0.07071983337402343 -1.0588914794921875
   vertex 0.05358267974853516 -0.08153767395019532 -1.04047900390625
   vertex 0.05358267974853516 -0.07793260955810546 -1.0604605712890625
  endloop
 endfacet
 facet normal 0.5875406265258789 -0.7840589284896851 -0.20011892914772034
  outer loop
   vertex 0.05358267974853516 -0.07291126251220703 -1.080134033203125
   vertex 0.06374239730834962 -0.07071983337402343 -1.0588914794921875
   vertex 0.05358267974853516 -0.07793260955810546 -1.0604605712890625
  endloop
 endfacet
 facet normal 0.4815184772014618 -0.849211573600769 -0.21674813330173492
  outer loop
   vertex 0.05358267974853516 -0.07291126251220703 -1.080134033203125
   vertex 0.05358267974853516 -0.07793260955810546 -1.0604605712890625
   vertex 0.042577930450439457 -0.08384426879882813 -1.06174658203125
  endloop
 endfacet
 facet normal 0.48151662945747375 -0.8492121696472168 -0.21674956381320953
  outer loop
   vertex 0.05358267974853516 -0.07291126251220703 -1.080134033203125
   vertex 0.042577930450439457 -0.08384426879882813 -1.06174658203125
   vertex 0.042577930450439457 -0.07871611785888671 -1.08183837890625
  endloop
 endfacet
 facet normal 0.36792290210723877 -0.8822720050811768 -0.2936474084854126
  outer loop
   vertex 0.042577930450439457 -0.07216769409179688 -1.1015133056640625
   vertex 0.042577930450439457 -0.07871611785888671 -1.08183837890625
   vertex 0.03090169906616211 -0.08315180206298828 -1.083140869140625
  endloop
 endfacet
 facet normal 0.3679226338863373 -0.8822721242904663 -0.2936476469039917
  outer loop
   vertex 0.042577930450439457 -0.07216769409179688 -1.1015133056640625
   vertex 0.03090169906616211 -0.08315180206298828 -1.083140869140625
   vertex 0.03090169906616211 -0.07649916076660157 -1.10312890625
  endloop
 endfacet
 facet normal 0.24854066967964172 -0.8948891758918762 -0.37067633867263794
  outer loop
   vertex 0.03090169906616211 -0.0684375457763672 -1.12259130859375
   vertex 0.03090169906616211 -0.07649916076660157 -1.10312890625
   vertex 0.018738130569458007 -0.07127838897705079 -1.123888671875
  endloop
 endfacet
 facet normal 0.12525375187397003 -0.8871828317642212 -0.44409239292144775
  outer loop
   vertex 0.018738130569458007 -0.06174908447265625 -1.14292578125
   vertex 0.018738130569458007 -0.07127838897705079 -1.123888671875
   vertex 0.006279051780700684 -0.0727101058959961 -1.12454248046875
  endloop
 endfacet
 facet normal 0.1252577006816864 -0.887183427810669 -0.4440900385379791
  outer loop
   vertex 0.018738130569458007 -0.06174908447265625 -1.14292578125
   vertex 0.006279051780700684 -0.0727101058959961 -1.12454248046875
   vertex 0.006279051780700684 -0.06313050842285156 -1.14368017578125
  endloop
 endfacet
 facet normal 0.24854061007499695 -0.8661656379699707 -0.4335719048976898
  outer loop
   vertex 0.018738130569458007 -0.06174908447265625 -1.14292578125
   vertex 0.03090169906616211 -0.0684375457763672 -1.12259130859375
   vertex 0.018738130569458007 -0.07127838897705079 -1.123888671875
  endloop
 endfacet
 facet normal -0.0 -0.8600137233734131 -0.5102709531784058
  outer loop
   vertex 0.006279051780700684 -0.05221005630493164 -1.1620855712890625
   vertex 0.006279051780700684 -0.06313050842285156 -1.14368017578125
   vertex -0.006279051780700684 -0.05221005630493164 -1.1620855712890625
  endloop
 endfacet
 facet normal 0.8441734313964844 -0.5357285737991333 -0.01913362555205822
  outer loop
   vertex 0.08763066864013672 -0.04754304504394531 -1.0177046508789063
   vertex 0.08763066864013672 -0.04817536926269531 -1.0
   vertex 0.08090170288085938 -0.058119186401367186 -1.0184610595703125
  endloop
 endfacet
 facet normal 0.0 -0.8214205503463745 -0.5703229904174805
  outer loop
   vertex -0.006279051780700684 -0.040004402160644534 -1.1796650390625
   vertex 0.006279051780700684 -0.05221005630493164 -1.1620855712890625
   vertex -0.006279051780700684 -0.05221005630493164 -1.1620855712890625
  endloop
 endfacet
 facet normal -0.12525515258312225 -0.8149514198303223 -0.5658314824104309
  outer loop
   vertex -0.006279051780700684 -0.040004402160644534 -1.1796650390625
   vertex -0.006279051780700684 -0.05221005630493164 -1.1620855712890625
   vertex -0.018738130569458007 -0.050885967254638675 -1.161234619140625
  endloop
 endfacet
 facet normal -0.12525486946105957 -0.8149516582489014 -0.5658313632011414
  outer loop
   vertex -0.006279051780700684 -0.040004402160644534 -1.1796650390625
   vertex -0.018738130569458007 -0.050885967254638675 -1.161234619140625
   vertex -0.018738130569458007 -0.038744392395019533 -1.1787218017578125
  endloop
 endfacet
 facet normal 0.7703137993812561 -0.6340113282203674 -0.0681634247303009
  outer loop
   vertex 0.08090170288085938 -0.056144531250000004 -1.0368280029296875
   vertex 0.08090170288085938 -0.058119186401367186 -1.0184610595703125
   vertex 0.07289686584472656 -0.06777072143554688 -1.0191513671875
  endloop
 endfacet
 facet normal 0.7703136801719666 -0.634011447429657 -0.06816350668668747
  outer loop
   vertex 0.08090170288085938 -0.056144531250000004 -1.0368280029296875
   vertex 0.07289686584472656 -0.06777072143554688 -1.0191513671875
   vertex 0.07289686584472656 -0.06572222900390626 -1.038205078125
  endloop
 endfacet
 facet normal -0.24854092299938202 -0.7542101740837097 -0.6077783107757568
  outer loop
   vertex -0.018738130569458007 -0.025386232376098633 -1.19529833984375
   vertex -0.018738130569458007 -0.038744392395019533 -1.1787218017578125
   vertex -0.03090169906616211 -0.03624424362182617 -1.1768502197265625
  endloop
 endfacet
 facet normal -0.24854685366153717 -0.7089298963546753 -0.6600323915481567
  outer loop
   vertex -0.018738130569458007 -0.025386232376098633 -1.19529833984375
   vertex -0.03090169906616211 -0.023025970458984375 -1.1932530517578126
   vertex -0.03090169906616211 -0.008671207427978516 -1.2086712646484374
  endloop
 endfacet
 facet normal -0.24854642152786255 -0.7542069554328918 -0.6077800393104553
  outer loop
   vertex -0.018738130569458007 -0.025386232376098633 -1.19529833984375
   vertex -0.03090169906616211 -0.03624424362182617 -1.1768502197265625
   vertex -0.03090169906616211 -0.023025970458984375 -1.1932530517578126
  endloop
 endfacet
 facet normal -0.24853643774986267 -0.7089275121688843 -0.660038948059082
  outer loop
   vertex -0.018738130569458007 -0.025386232376098633 -1.19529833984375
   vertex -0.03090169906616211 -0.008671207427978516 -1.2086712646484374
   vertex -0.018738130569458007 -0.01087955379486084 -1.2108795166015625
  endloop
 endfacet
 facet normal 0.6843144297599792 -0.7176011800765991 -0.12946905195713043
  outer loop
   vertex 0.07289686584472656 -0.062319679260253905 -1.057064208984375
   vertex 0.07289686584472656 -0.06572222900390626 -1.038205078125
   vertex 0.06374239730834962 -0.07071983337402343 -1.0588914794921875
  endloop
 endfacet
 facet normal 0.5875415205955505 -0.7840580940246582 -0.20011945068836212
  outer loop
   vertex 0.06374239730834962 -0.06582879638671875 -1.0780543212890625
   vertex 0.06374239730834962 -0.07071983337402343 -1.0588914794921875
   vertex 0.05358267974853516 -0.07291126251220703 -1.080134033203125
  endloop
 endfacet
 facet normal 0.6843143105506897 -0.7065365314483643 -0.1803331971168518
  outer loop
   vertex 0.06374239730834962 -0.06582879638671875 -1.0780543212890625
   vertex 0.07289686584472656 -0.062319679260253905 -1.057064208984375
   vertex 0.06374239730834962 -0.07071983337402343 -1.0588914794921875
  endloop
 endfacet
 facet normal 0.48151618242263794 -0.8315860629081726 -0.27677929401397705
  outer loop
   vertex 0.05358267974853516 -0.06649922943115234 -1.0993990478515625
   vertex 0.05358267974853516 -0.07291126251220703 -1.080134033203125
   vertex 0.042577930450439457 -0.07871611785888671 -1.08183837890625
  endloop
 endfacet
 facet normal 0.4815185070037842 -0.8315853476524353 -0.27677732706069946
  outer loop
   vertex 0.05358267974853516 -0.06649922943115234 -1.0993990478515625
   vertex 0.042577930450439457 -0.07871611785888671 -1.08183837890625
   vertex 0.042577930450439457 -0.07216769409179688 -1.1015133056640625
  endloop
 endfacet
 facet normal 0.587541937828064 -0.7677837610244751 -0.2555437982082367
  outer loop
   vertex 0.05358267974853516 -0.06649922943115234 -1.0993990478515625
   vertex 0.06374239730834962 -0.06582879638671875 -1.0780543212890625
   vertex 0.05358267974853516 -0.07291126251220703 -1.080134033203125
  endloop
 endfacet
 facet normal 0.3679228127002716 -0.8590751886367798 -0.3558405041694641
  outer loop
   vertex 0.042577930450439457 -0.06423236083984375 -1.1206708984375
   vertex 0.042577930450439457 -0.07216769409179688 -1.1015133056640625
   vertex 0.03090169906616211 -0.07649916076660157 -1.10312890625
  endloop
 endfacet
 facet normal 0.3679211735725403 -0.8590753674507141 -0.3558417558670044
  outer loop
   vertex 0.042577930450439457 -0.06423236083984375 -1.1206708984375
   vertex 0.03090169906616211 -0.07649916076660157 -1.10312890625
   vertex 0.03090169906616211 -0.0684375457763672 -1.12259130859375
  endloop
 endfacet
 facet normal 0.36792105436325073 -0.8315016031265259 -0.4162200689315796
  outer loop
   vertex 0.03090169906616211 -0.05900802993774414 -1.1414290771484374
   vertex 0.042577930450439457 -0.06423236083984375 -1.1206708984375
   vertex 0.03090169906616211 -0.0684375457763672 -1.12259130859375
  endloop
 endfacet
 facet normal 0.2485402524471283 -0.8661658763885498 -0.4335717558860779
  outer loop
   vertex 0.03090169906616211 -0.05900802993774414 -1.1414290771484374
   vertex 0.03090169906616211 -0.0684375457763672 -1.12259130859375
   vertex 0.018738130569458007 -0.06174908447265625 -1.14292578125
  endloop
 endfacet
 facet normal 0.12525813281536102 -0.8532412648200989 -0.5062506198883057
  outer loop
   vertex 0.018738130569458007 -0.050885967254638675 -1.161234619140625
   vertex 0.018738130569458007 -0.06174908447265625 -1.14292578125
   vertex 0.006279051780700684 -0.06313050842285156 -1.14368017578125
  endloop
 endfacet
 facet normal 0.12525510787963867 -0.8532406687736511 -0.5062523484230042
  outer loop
   vertex 0.018738130569458007 -0.050885967254638675 -1.161234619140625
   vertex 0.006279051780700684 -0.06313050842285156 -1.14368017578125
   vertex 0.006279051780700684 -0.05221005630493164 -1.1620855712890625
  endloop
 endfacet
 facet normal 0.9047225713729858 -0.4257297217845917 -0.015204990282654762
  outer loop
   vertex 0.09297764587402343 -0.03620908355712891 -1.0168939819335938
   vertex 0.09297764587402343 -0.036812454223632815 -1.0
   vertex 0.08763066864013672 -0.04817536926269531 -1.0
  endloop
 endfacet
 facet normal 0.9047226905822754 -0.42572978138923645 -0.015205004252493382
  outer loop
   vertex 0.09297764587402343 -0.03620908355712891 -1.0168939819335938
   vertex 0.08763066864013672 -0.04817536926269531 -1.0
   vertex 0.08763066864013672 -0.04754304504394531 -1.0177046508789063
  endloop
 endfacet
 facet normal -0.0 -0.8214205503463745 -0.5703229904174805
  outer loop
   vertex 0.006279051780700684 -0.040004402160644534 -1.1796650390625
   vertex 0.006279051780700684 -0.05221005630493164 -1.1620855712890625
   vertex -0.006279051780700684 -0.040004402160644534 -1.1796650390625
  endloop
 endfacet
 facet normal 0.8441734910011292 -0.5329986810684204 -0.057303205132484436
  outer loop
   vertex 0.08763066864013672 -0.04564929962158203 -1.035319091796875
   vertex 0.08763066864013672 -0.04754304504394531 -1.0177046508789063
   vertex 0.08090170288085938 -0.058119186401367186 -1.0184610595703125
  endloop
 endfacet
 facet normal 0.84417325258255 -0.5329989194869995 -0.057303428649902344
  outer loop
   vertex 0.08763066864013672 -0.04564929962158203 -1.035319091796875
   vertex 0.08090170288085938 -0.058119186401367186 -1.0184610595703125
   vertex 0.08090170288085938 -0.056144531250000004 -1.0368280029296875
  endloop
 endfacet
 facet normal -0.12525491416454315 -0.7725092768669128 -0.6225277185440063
  outer loop
   vertex -0.006279051780700684 -0.02657574272155762 -1.1963289794921874
   vertex -0.006279051780700684 -0.040004402160644534 -1.1796650390625
   vertex -0.018738130569458007 -0.038744392395019533 -1.1787218017578125
  endloop
 endfacet
 facet normal -0.12525083124637604 -0.7725111246109009 -0.6225260496139526
  outer loop
   vertex -0.006279051780700684 -0.02657574272155762 -1.1963289794921874
   vertex -0.018738130569458007 -0.038744392395019533 -1.1787218017578125
   vertex -0.018738130569458007 -0.025386232376098633 -1.19529833984375
  endloop
 endfacet
 facet normal -0.12525931000709534 -0.7261316180229187 -0.6760494709014893
  outer loop
   vertex -0.006279051780700684 -0.02657574272155762 -1.1963289794921874
   vertex -0.018738130569458007 -0.01087955379486084 -1.2108795166015625
   vertex -0.006279051780700684 -0.01199250316619873 -1.2119925537109375
  endloop
 endfacet
 facet normal -0.12525051832199097 -0.726128876209259 -0.6760541200637817
  outer loop
   vertex -0.006279051780700684 -0.02657574272155762 -1.1963289794921874
   vertex -0.018738130569458007 -0.025386232376098633 -1.19529833984375
   vertex -0.018738130569458007 -0.01087955379486084 -1.2108795166015625
  endloop
 endfacet
 facet normal 0.7703140377998352 -0.6275330781936646 -0.11321902275085449
  outer loop
   vertex 0.08090170288085938 -0.0528646240234375 -1.05500732421875
   vertex 0.07289686584472656 -0.06572222900390626 -1.038205078125
   vertex 0.07289686584472656 -0.062319679260253905 -1.057064208984375
  endloop
 endfacet
 facet normal 0.7703137397766113 -0.6275333166122437 -0.11321935802698135
  outer loop
   vertex 0.08090170288085938 -0.0528646240234375 -1.05500732421875
   vertex 0.08090170288085938 -0.056144531250000004 -1.0368280029296875
   vertex 0.07289686584472656 -0.06572222900390626 -1.038205078125
  endloop
 endfacet
 facet normal 0.8441731333732605 -0.527553141117096 -0.09518096596002579
  outer loop
   vertex 0.08090170288085938 -0.0528646240234375 -1.05500732421875
   vertex 0.08763066864013672 -0.04564929962158203 -1.035319091796875
   vertex 0.08090170288085938 -0.056144531250000004 -1.0368280029296875
  endloop
 endfacet
 facet normal 0.6843141317367554 -0.7065367698669434 -0.18033310770988464
  outer loop
   vertex 0.07289686584472656 -0.05758041000366211 -1.0756324462890625
   vertex 0.07289686584472656 -0.062319679260253905 -1.057064208984375
   vertex 0.06374239730834962 -0.06582879638671875 -1.0780543212890625
  endloop
 endfacet
 facet normal 0.5875408053398132 -0.7677847146987915 -0.2555432617664337
  outer loop
   vertex 0.06374239730834962 -0.059583160400390626 -1.0968194580078126
   vertex 0.06374239730834962 -0.06582879638671875 -1.0780543212890625
   vertex 0.05358267974853516 -0.06649922943115234 -1.0993990478515625
  endloop
 endfacet
 facet normal 0.4815186858177185 -0.8097208738327026 -0.3353981077671051
  outer loop
   vertex 0.05358267974853516 -0.05872916793823242 -1.1181575927734375
   vertex 0.05358267974853516 -0.06649922943115234 -1.0993990478515625
   vertex 0.042577930450439457 -0.07216769409179688 -1.1015133056640625
  endloop
 endfacet
 facet normal 0.48151978850364685 -0.8097206354141235 -0.3353971838951111
  outer loop
   vertex 0.05358267974853516 -0.05872916793823242 -1.1181575927734375
   vertex 0.042577930450439457 -0.07216769409179688 -1.1015133056640625
   vertex 0.042577930450439457 -0.06423236083984375 -1.1206708984375
  endloop
 endfacet
 facet normal 0.3679228723049164 -0.8315004706382751 -0.4162208139896393
  outer loop
   vertex 0.042577930450439457 -0.05495056533813477 -1.1392135009765625
   vertex 0.042577930450439457 -0.06423236083984375 -1.1206708984375
   vertex 0.03090169906616211 -0.05900802993774414 -1.1414290771484374
  endloop
 endfacet
 facet normal 0.24854177236557007 -0.8330283761024475 -0.49425768852233887
  outer loop
   vertex 0.03090169906616211 -0.048258670806884764 -1.159546142578125
   vertex 0.018738130569458007 -0.06174908447265625 -1.14292578125
   vertex 0.018738130569458007 -0.050885967254638675 -1.161234619140625
  endloop
 endfacet
 facet normal 0.24854013323783875 -0.8330281972885132 -0.4942587912082672
  outer loop
   vertex 0.03090169906616211 -0.048258670806884764 -1.159546142578125
   vertex 0.03090169906616211 -0.05900802993774414 -1.1414290771484374
   vertex 0.018738130569458007 -0.06174908447265625 -1.14292578125
  endloop
 endfacet
 facet normal 0.36792299151420593 -0.7996894717216492 -0.47447800636291504
  outer loop
   vertex 0.03090169906616211 -0.048258670806884764 -1.159546142578125
   vertex 0.042577930450439457 -0.05495056533813477 -1.1392135009765625
   vertex 0.03090169906616211 -0.05900802993774414 -1.1414290771484374
  endloop
 endfacet
 facet normal 0.9509985446929932 -0.30899831652641296 -0.011035924777388573
  outer loop
   vertex 0.09685831451416016 -0.024296049118041993 -1.0160419921875001
   vertex 0.09297764587402343 -0.036812454223632815 -1.0
   vertex 0.09297764587402343 -0.03620908355712891 -1.0168939819335938
  endloop
 endfacet
 facet normal 0.9509985446929932 -0.3089982569217682 -0.011035856790840626
  outer loop
   vertex 0.09685831451416016 -0.024296049118041993 -1.0160419921875001
   vertex 0.09685831451416016 -0.024868988037109376 -1.0
   vertex 0.09297764587402343 -0.036812454223632815 -1.0
  endloop
 endfacet
 facet normal 0.12525488436222076 -0.8149515390396118 -0.5658314824104309
  outer loop
   vertex 0.018738130569458007 -0.038744392395019533 -1.1787218017578125
   vertex 0.006279051780700684 -0.05221005630493164 -1.1620855712890625
   vertex 0.006279051780700684 -0.040004402160644534 -1.1796650390625
  endloop
 endfacet
 facet normal 0.12525512278079987 -0.8149515390396118 -0.5658313035964966
  outer loop
   vertex 0.018738130569458007 -0.038744392395019533 -1.1787218017578125
   vertex 0.018738130569458007 -0.050885967254638675 -1.161234619140625
   vertex 0.006279051780700684 -0.05221005630493164 -1.1620855712890625
  endloop
 endfacet
 facet normal 0.24854186177253723 -0.7956453561782837 -0.5524267554283142
  outer loop
   vertex 0.018738130569458007 -0.038744392395019533 -1.1787218017578125
   vertex 0.03090169906616211 -0.048258670806884764 -1.159546142578125
   vertex 0.018738130569458007 -0.050885967254638675 -1.161234619140625
  endloop
 endfacet
 facet normal 0.9047226309776306 -0.4235602617263794 -0.04553740471601486
  outer loop
   vertex 0.09297764587402343 -0.034402046203613285 -1.033701904296875
   vertex 0.09297764587402343 -0.03620908355712891 -1.0168939819335938
   vertex 0.08763066864013672 -0.04754304504394531 -1.0177046508789063
  endloop
 endfacet
 facet normal 0.9047226905822754 -0.4235602021217346 -0.04553734138607979
  outer loop
   vertex 0.09297764587402343 -0.034402046203613285 -1.033701904296875
   vertex 0.08763066864013672 -0.04754304504394531 -1.0177046508789063
   vertex 0.08763066864013672 -0.04564929962158203 -1.035319091796875
  endloop
 endfacet
 facet normal 0.0 -0.7786413431167603 -0.6274691820144653
  outer loop
   vertex 0.006279051780700684 -0.02657574272155762 -1.1963289794921874
   vertex 0.006279051780700684 -0.040004402160644534 -1.1796650390625
   vertex -0.006279051780700684 -0.040004402160644534 -1.1796650390625
  endloop
 endfacet
 facet normal -0.0 -0.7786413431167603 -0.6274691820144653
  outer loop
   vertex 0.006279051780700684 -0.02657574272155762 -1.1963289794921874
   vertex -0.006279051780700684 -0.040004402160644534 -1.1796650390625
   vertex -0.006279051780700684 -0.02657574272155762 -1.1963289794921874
  endloop
 endfacet
 facet normal 0.0 -0.7318960428237915 -0.6814163327217102
  outer loop
   vertex 0.006279051780700684 -0.02657574272155762 -1.1963289794921874
   vertex -0.006279051780700684 -0.01199250316619873 -1.2119925537109375
   vertex 0.006279051780700684 -0.01199250316619873 -1.2119925537109375
  endloop
 endfacet
 facet normal -0.0 -0.7318960428237915 -0.6814163327217102
  outer loop
   vertex 0.006279051780700684 -0.02657574272155762 -1.1963289794921874
   vertex -0.006279051780700684 -0.02657574272155762 -1.1963289794921874
   vertex -0.006279051780700684 -0.01199250316619873 -1.2119925537109375
  endloop
 endfacet
 facet normal 0.8441736102104187 -0.5275523662567139 -0.0951814278960228
  outer loop
   vertex 0.08763066864013672 -0.042503784179687504 -1.05275341796875
   vertex 0.08763066864013672 -0.04564929962158203 -1.035319091796875
   vertex 0.08090170288085938 -0.0528646240234375 -1.05500732421875
  endloop
 endfacet
 facet normal 0.7703135013580322 -0.6178576350212097 -0.1576990783214569
  outer loop
   vertex 0.08090170288085938 -0.04829617691040039 -1.0729063720703125
   vertex 0.07289686584472656 -0.062319679260253905 -1.057064208984375
   vertex 0.07289686584472656 -0.05758041000366211 -1.0756324462890625
  endloop
 endfacet
 facet normal 0.7703141570091248 -0.617857038974762 -0.15769818425178528
  outer loop
   vertex 0.08090170288085938 -0.04829617691040039 -1.0729063720703125
   vertex 0.08090170288085938 -0.0528646240234375 -1.05500732421875
   vertex 0.07289686584472656 -0.062319679260253905 -1.057064208984375
  endloop
 endfacet
 facet normal 0.8441736698150635 -0.5194181203842163 -0.1325732171535492
  outer loop
   vertex 0.08090170288085938 -0.04829617691040039 -1.0729063720703125
   vertex 0.08763066864013672 -0.042503784179687504 -1.05275341796875
   vertex 0.08090170288085938 -0.0528646240234375 -1.05500732421875
  endloop
 endfacet
 facet normal 0.684313952922821 -0.6918720006942749 -0.23027727007865906
  outer loop
   vertex 0.07289686584472656 -0.05152856826782227 -1.0938153076171875
   vertex 0.07289686584472656 -0.05758041000366211 -1.0756324462890625
   vertex 0.06374239730834962 -0.06582879638671875 -1.0780543212890625
  endloop
 endfacet
 facet normal 0.6843141317367554 -0.6918718218803406 -0.23027703166007996
  outer loop
   vertex 0.07289686584472656 -0.05152856826782227 -1.0938153076171875
   vertex 0.06374239730834962 -0.06582879638671875 -1.0780543212890625
   vertex 0.06374239730834962 -0.059583160400390626 -1.0968194580078126
  endloop
 endfacet
 facet normal 0.5875409841537476 -0.7475986480712891 -0.3096640706062317
  outer loop
   vertex 0.06374239730834962 -0.05201474761962891 -1.11509130859375
   vertex 0.06374239730834962 -0.059583160400390626 -1.0968194580078126
   vertex 0.05358267974853516 -0.06649922943115234 -1.0993990478515625
  endloop
 endfacet
 facet normal 0.5875383615493774 -0.7475996613502502 -0.30966663360595703
  outer loop
   vertex 0.06374239730834962 -0.05201474761962891 -1.11509130859375
   vertex 0.05358267974853516 -0.06649922943115234 -1.0993990478515625
   vertex 0.05358267974853516 -0.05872916793823242 -1.1181575927734375
  endloop
 endfacet
 facet normal 0.4815200865268707 -0.7837305665016174 -0.3923070728778839
  outer loop
   vertex 0.05358267974853516 -0.04964068603515625 -1.1363140869140624
   vertex 0.05358267974853516 -0.05872916793823242 -1.1181575927734375
   vertex 0.042577930450439457 -0.06423236083984375 -1.1206708984375
  endloop
 endfacet
 facet normal 0.48151785135269165 -0.7837309837341309 -0.3923090398311615
  outer loop
   vertex 0.05358267974853516 -0.04964068603515625 -1.1363140869140624
   vertex 0.042577930450439457 -0.06423236083984375 -1.1206708984375
   vertex 0.042577930450439457 -0.05495056533813477 -1.1392135009765625
  endloop
 endfacet
 facet normal 0.36792290210723877 -0.7996895909309387 -0.47447800636291504
  outer loop
   vertex 0.042577930450439457 -0.04436960220336914 -1.1570467529296875
   vertex 0.042577930450439457 -0.05495056533813477 -1.1392135009765625
   vertex 0.03090169906616211 -0.048258670806884764 -1.159546142578125
  endloop
 endfacet
 facet normal 0.9980242252349854 -0.06279024481773376 -0.0022425635252147913
  outer loop
   vertex 0.09921147155761718 -0.011991812705993653 -1.0151619262695313
   vertex 0.1 0.0005095770955085754 -1.014267822265625
   vertex 0.1 5.680000198481083e-16 -1.0
  endloop
 endfacet
 facet normal 0.9980241656303406 -0.06279024481773376 -0.0022425635252147913
  outer loop
   vertex 0.09921147155761718 -0.011991812705993653 -1.0151619262695313
   vertex 0.1 5.680000198481083e-16 -1.0
   vertex 0.09921147155761718 -0.012533323287963867 -1.0
  endloop
 endfacet
 facet normal 0.9822651743888855 -0.18737734854221344 -0.006692211609333754
  outer loop
   vertex 0.09921147155761718 -0.011991812705993653 -1.0151619262695313
   vertex 0.09921147155761718 -0.012533323287963867 -1.0
   vertex 0.09685831451416016 -0.024868988037109376 -1.0
  endloop
 endfacet
 facet normal 0.9822652339935303 -0.18737731873989105 -0.006692170165479183
  outer loop
   vertex 0.09921147155761718 -0.011991812705993653 -1.0151619262695313
   vertex 0.09685831451416016 -0.024868988037109376 -1.0
   vertex 0.09685831451416016 -0.024296049118041993 -1.0160419921875001
  endloop
 endfacet
 facet normal 0.2485409379005432 -0.7956458926200867 -0.5524264574050903
  outer loop
   vertex 0.03090169906616211 -0.03624424362182617 -1.1768502197265625
   vertex 0.03090169906616211 -0.048258670806884764 -1.159546142578125
   vertex 0.018738130569458007 -0.038744392395019533 -1.1787218017578125
  endloop
 endfacet
 facet normal 0.9509984850883484 -0.30742380023002625 -0.03305153176188469
  outer loop
   vertex 0.09685831451416016 -0.02258014678955078 -1.032002197265625
   vertex 0.09685831451416016 -0.024296049118041993 -1.0160419921875001
   vertex 0.09297764587402343 -0.03620908355712891 -1.0168939819335938
  endloop
 endfacet
 facet normal 0.9509986042976379 -0.30742374062538147 -0.03305146098136902
  outer loop
   vertex 0.09685831451416016 -0.02258014678955078 -1.032002197265625
   vertex 0.09297764587402343 -0.03620908355712891 -1.0168939819335938
   vertex 0.09297764587402343 -0.034402046203613285 -1.033701904296875
  endloop
 endfacet
 facet normal 0.12525053322315216 -0.7261324524879456 -0.6760502457618713
  outer loop
   vertex 0.018738130569458007 -0.025386232376098633 -1.19529833984375
   vertex 0.006279051780700684 -0.02657574272155762 -1.1963289794921874
   vertex 0.006279051780700684 -0.01199250316619873 -1.2119925537109375
  endloop
 endfacet
 facet normal 0.24854092299938202 -0.7542101740837097 -0.6077783107757568
  outer loop
   vertex 0.018738130569458007 -0.025386232376098633 -1.19529833984375
   vertex 0.03090169906616211 -0.03624424362182617 -1.1768502197265625
   vertex 0.018738130569458007 -0.038744392395019533 -1.1787218017578125
  endloop
 endfacet
 facet normal 0.12525084614753723 -0.7725096344947815 -0.6225279569625854
  outer loop
   vertex 0.018738130569458007 -0.025386232376098633 -1.19529833984375
   vertex 0.006279051780700684 -0.040004402160644534 -1.1796650390625
   vertex 0.006279051780700684 -0.02657574272155762 -1.1963289794921874
  endloop
 endfacet
 facet normal 0.1252593696117401 -0.7261280417442322 -0.6760533452033997
  outer loop
   vertex 0.018738130569458007 -0.025386232376098633 -1.19529833984375
   vertex 0.006279051780700684 -0.01199250316619873 -1.2119925537109375
   vertex 0.018738130569458007 -0.01087955379486084 -1.2108795166015625
  endloop
 endfacet
 facet normal 0.12525488436222076 -0.7725107669830322 -0.6225258111953735
  outer loop
   vertex 0.018738130569458007 -0.025386232376098633 -1.19529833984375
   vertex 0.018738130569458007 -0.038744392395019533 -1.1787218017578125
   vertex 0.006279051780700684 -0.040004402160644534 -1.1796650390625
  endloop
 endfacet
 facet normal 0.9047226905822754 -0.4192322790622711 -0.07563759386539459
  outer loop
   vertex 0.09297764587402343 -0.031400548934936524 -1.050338134765625
   vertex 0.09297764587402343 -0.034402046203613285 -1.033701904296875
   vertex 0.08763066864013672 -0.04564929962158203 -1.035319091796875
  endloop
 endfacet
 facet normal 0.9047223925590515 -0.41923296451568604 -0.07563833892345428
  outer loop
   vertex 0.09297764587402343 -0.031400548934936524 -1.050338134765625
   vertex 0.08763066864013672 -0.04564929962158203 -1.035319091796875
   vertex 0.08763066864013672 -0.042503784179687504 -1.05275341796875
  endloop
 endfacet
 facet normal 0.8441737294197083 -0.519417941570282 -0.13257330656051636
  outer loop
   vertex 0.08763066864013672 -0.038122520446777344 -1.0699190673828125
   vertex 0.08763066864013672 -0.042503784179687504 -1.05275341796875
   vertex 0.08090170288085938 -0.04829617691040039 -1.0729063720703125
  endloop
 endfacet
 facet normal 0.7703136205673218 -0.605033278465271 -0.20137456059455872
  outer loop
   vertex 0.08090170288085938 -0.04246246719360352 -1.090433837890625
   vertex 0.07289686584472656 -0.05758041000366211 -1.0756324462890625
   vertex 0.07289686584472656 -0.05152856826782227 -1.0938153076171875
  endloop
 endfacet
 facet normal 0.7703135013580322 -0.6050333976745605 -0.20137476921081543
  outer loop
   vertex 0.08090170288085938 -0.04246246719360352 -1.090433837890625
   vertex 0.08090170288085938 -0.04829617691040039 -1.0729063720703125
   vertex 0.07289686584472656 -0.05758041000366211 -1.0756324462890625
  endloop
 endfacet
 facet normal 0.6843140125274658 -0.6736815571784973 -0.2790476679801941
  outer loop
   vertex 0.07289686584472656 -0.04419499588012695 -1.1115201416015625
   vertex 0.07289686584472656 -0.05152856826782227 -1.0938153076171875
   vertex 0.06374239730834962 -0.059583160400390626 -1.0968194580078126
  endloop
 endfacet
 facet normal 0.6843149065971375 -0.6736810207366943 -0.27904650568962097
  outer loop
   vertex 0.07289686584472656 -0.04419499588012695 -1.1115201416015625
   vertex 0.06374239730834962 -0.059583160400390626 -1.0968194580078126
   vertex 0.06374239730834962 -0.05201474761962891 -1.11509130859375
  endloop
 endfacet
 facet normal 0.6843149662017822 -0.6520571112632751 -0.32639622688293457
  outer loop
   vertex 0.06374239730834962 -0.043162124633789066 -1.132776611328125
   vertex 0.07289686584472656 -0.04419499588012695 -1.1115201416015625
   vertex 0.06374239730834962 -0.05201474761962891 -1.11509130859375
  endloop
 endfacet
 facet normal 0.5875380635261536 -0.7236040830612183 -0.3622100353240967
  outer loop
   vertex 0.06374239730834962 -0.043162124633789066 -1.132776611328125
   vertex 0.06374239730834962 -0.05201474761962891 -1.11509130859375
   vertex 0.05358267974853516 -0.05872916793823242 -1.1181575927734375
  endloop
 endfacet
 facet normal 0.5875381827354431 -0.7236040830612183 -0.3622099459171295
  outer loop
   vertex 0.06374239730834962 -0.043162124633789066 -1.132776611328125
   vertex 0.05358267974853516 -0.05872916793823242 -1.1181575927734375
   vertex 0.05358267974853516 -0.04964068603515625 -1.1363140869140624
  endloop
 endfacet
 facet normal 0.4815155863761902 -0.7537486553192139 -0.44721993803977966
  outer loop
   vertex 0.05358267974853516 -0.03928009033203125 -1.1537760009765625
   vertex 0.042577930450439457 -0.05495056533813477 -1.1392135009765625
   vertex 0.042577930450439457 -0.04436960220336914 -1.1570467529296875
  endloop
 endfacet
 facet normal 0.48151782155036926 -0.7537484169006348 -0.44721803069114685
  outer loop
   vertex 0.05358267974853516 -0.03928009033203125 -1.1537760009765625
   vertex 0.05358267974853516 -0.04964068603515625 -1.1363140869140624
   vertex 0.042577930450439457 -0.05495056533813477 -1.1392135009765625
  endloop
 endfacet
 facet normal 0.36792001128196716 -0.7638044357299805 -0.5303184986114502
  outer loop
   vertex 0.042577930450439457 -0.03254338455200195 -1.174079833984375
   vertex 0.03090169906616211 -0.048258670806884764 -1.159546142578125
   vertex 0.03090169906616211 -0.03624424362182617 -1.1768502197265625
  endloop
 endfacet
 facet normal 0.3679230809211731 -0.76380455493927 -0.530316174030304
  outer loop
   vertex 0.042577930450439457 -0.03254338455200195 -1.174079833984375
   vertex 0.042577930450439457 -0.04436960220336914 -1.1570467529296875
   vertex 0.03090169906616211 -0.048258670806884764 -1.159546142578125
  endloop
 endfacet
 facet normal 0.9822651743888855 -0.18642260134220123 -0.0200425386428833
  outer loop
   vertex 0.09921147155761718 -0.010370040893554687 -1.0302467041015626
   vertex 0.09685831451416016 -0.024296049118041993 -1.0160419921875001
   vertex 0.09685831451416016 -0.02258014678955078 -1.032002197265625
  endloop
 endfacet
 facet normal 0.9822652339935303 -0.1864224523305893 -0.02004236727952957
  outer loop
   vertex 0.09921147155761718 -0.010370040893554687 -1.0302467041015626
   vertex 0.09921147155761718 -0.011991812705993653 -1.0151619262695313
   vertex 0.09685831451416016 -0.024296049118041993 -1.0160419921875001
  endloop
 endfacet
 facet normal 0.9980242252349854 -0.06247028335928917 -0.00671622296795249
  outer loop
   vertex 0.09921147155761718 -0.010370040893554687 -1.0302467041015626
   vertex 0.1 0.0020357115268707275 -1.0284630126953125
   vertex 0.1 0.0005095770955085754 -1.014267822265625
  endloop
 endfacet
 facet normal 0.9980242252349854 -0.06247028708457947 -0.006716211326420307
  outer loop
   vertex 0.09921147155761718 -0.010370040893554687 -1.0302467041015626
   vertex 0.1 0.0005095770955085754 -1.014267822265625
   vertex 0.09921147155761718 -0.011991812705993653 -1.0151619262695313
  endloop
 endfacet
 facet normal 0.24854642152786255 -0.7542069554328918 -0.6077800393104553
  outer loop
   vertex 0.03090169906616211 -0.023025970458984375 -1.1932530517578126
   vertex 0.03090169906616211 -0.03624424362182617 -1.1768502197265625
   vertex 0.018738130569458007 -0.025386232376098633 -1.19529833984375
  endloop
 endfacet
 facet normal 0.24854682385921478 -0.7089255452156067 -0.6600371599197388
  outer loop
   vertex 0.03090169906616211 -0.023025970458984375 -1.1932530517578126
   vertex 0.018738130569458007 -0.025386232376098633 -1.19529833984375
   vertex 0.018738130569458007 -0.01087955379486084 -1.2108795166015625
  endloop
 endfacet
 facet normal 0.24853640794754028 -0.7089319229125977 -0.6600343585014343
  outer loop
   vertex 0.03090169906616211 -0.023025970458984375 -1.1932530517578126
   vertex 0.018738130569458007 -0.01087955379486084 -1.2108795166015625
   vertex 0.03090169906616211 -0.008671207427978516 -1.2086712646484374
  endloop
 endfacet
 facet normal 0.9509985446929932 -0.30428263545036316 -0.054898716509342194
  outer loop
   vertex 0.09685831451416016 -0.01973002815246582 -1.04779931640625
   vertex 0.09685831451416016 -0.02258014678955078 -1.032002197265625
   vertex 0.09297764587402343 -0.034402046203613285 -1.033701904296875
  endloop
 endfacet
 facet normal 0.9509986639022827 -0.30428236722946167 -0.05489841103553772
  outer loop
   vertex 0.09685831451416016 -0.01973002815246582 -1.04779931640625
   vertex 0.09297764587402343 -0.034402046203613285 -1.033701904296875
   vertex 0.09297764587402343 -0.031400548934936524 -1.050338134765625
  endloop
 endfacet
 facet normal 0.9509987235069275 -0.299590528011322 -0.07646607607603073
  outer loop
   vertex 0.09297764587402343 -0.027219886779785155 -1.0667177734375
   vertex 0.09685831451416016 -0.01973002815246582 -1.04779931640625
   vertex 0.09297764587402343 -0.031400548934936524 -1.050338134765625
  endloop
 endfacet
 facet normal 0.9047225117683411 -0.412768691778183 -0.1053527370095253
  outer loop
   vertex 0.09297764587402343 -0.027219886779785155 -1.0667177734375
   vertex 0.08763066864013672 -0.042503784179687504 -1.05275341796875
   vertex 0.08763066864013672 -0.038122520446777344 -1.0699190673828125
  endloop
 endfacet
 facet normal 0.9047223329544067 -0.412769079208374 -0.10535323619842529
  outer loop
   vertex 0.09297764587402343 -0.027219886779785155 -1.0667177734375
   vertex 0.09297764587402343 -0.031400548934936524 -1.050338134765625
   vertex 0.08763066864013672 -0.042503784179687504 -1.05275341796875
  endloop
 endfacet
 facet normal 0.8441738486289978 -0.5086367130279541 -0.1692904233932495
  outer loop
   vertex 0.08763066864013672 -0.032527843475341794 -1.0867283935546874
   vertex 0.08763066864013672 -0.038122520446777344 -1.0699190673828125
   vertex 0.08090170288085938 -0.04829617691040039 -1.0729063720703125
  endloop
 endfacet
 facet normal 0.8441735506057739 -0.5086369514465332 -0.1692909151315689
  outer loop
   vertex 0.08763066864013672 -0.032527843475341794 -1.0867283935546874
   vertex 0.08090170288085938 -0.04829617691040039 -1.0729063720703125
   vertex 0.08090170288085938 -0.04246246719360352 -1.090433837890625
  endloop
 endfacet
 facet normal 0.770313560962677 -0.58912593126297 -0.24402403831481934
  outer loop
   vertex 0.08090170288085938 -0.035393226623535154 -1.10750048828125
   vertex 0.08090170288085938 -0.04246246719360352 -1.090433837890625
   vertex 0.07289686584472656 -0.05152856826782227 -1.0938153076171875
  endloop
 endfacet
 facet normal 0.7703139185905457 -0.5891255736351013 -0.24402348697185516
  outer loop
   vertex 0.08090170288085938 -0.035393226623535154 -1.10750048828125
   vertex 0.07289686584472656 -0.05152856826782227 -1.0938153076171875
   vertex 0.07289686584472656 -0.04419499588012695 -1.1115201416015625
  endloop
 endfacet
 facet normal 0.6843165159225464 -0.6520552635192871 -0.32639676332473755
  outer loop
   vertex 0.07289686584472656 -0.03561705780029297 -1.1286566162109375
   vertex 0.07289686584472656 -0.04419499588012695 -1.1115201416015625
   vertex 0.06374239730834962 -0.043162124633789066 -1.132776611328125
  endloop
 endfacet
 facet normal 0.587537944316864 -0.6959204077720642 -0.4129091501235962
  outer loop
   vertex 0.06374239730834962 -0.03307040405273438 -1.1497852783203126
   vertex 0.06374239730834962 -0.043162124633789066 -1.132776611328125
   vertex 0.05358267974853516 -0.04964068603515625 -1.1363140869140624
  endloop
 endfacet
 facet normal 0.5875400900840759 -0.695919930934906 -0.4129069149494171
  outer loop
   vertex 0.06374239730834962 -0.03307040405273438 -1.1497852783203126
   vertex 0.05358267974853516 -0.04964068603515625 -1.1363140869140624
   vertex 0.05358267974853516 -0.03928009033203125 -1.1537760009765625
  endloop
 endfacet
 facet normal 0.4815152585506439 -0.7199238538742065 -0.49985265731811523
  outer loop
   vertex 0.05358267974853516 -0.02770018005371094 -1.1704542236328126
   vertex 0.05358267974853516 -0.03928009033203125 -1.1537760009765625
   vertex 0.042577930450439457 -0.04436960220336914 -1.1570467529296875
  endloop
 endfacet
 facet normal 0.48151904344558716 -0.7199236750602722 -0.4998493194580078
  outer loop
   vertex 0.05358267974853516 -0.02770018005371094 -1.1704542236328126
   vertex 0.042577930450439457 -0.04436960220336914 -1.1570467529296875
   vertex 0.042577930450439457 -0.03254338455200195 -1.174079833984375
  endloop
 endfacet
 facet normal 0.3679198920726776 -0.7240248918533325 -0.5834577083587646
  outer loop
   vertex 0.042577930450439457 -0.01953218078613281 -1.1902257080078125
   vertex 0.03090169906616211 -0.03624424362182617 -1.1768502197265625
   vertex 0.03090169906616211 -0.023025970458984375 -1.1932530517578126
  endloop
 endfacet
 facet normal 0.36791983246803284 -0.7240248322486877 -0.5834577083587646
  outer loop
   vertex 0.042577930450439457 -0.01953218078613281 -1.1902257080078125
   vertex 0.042577930450439457 -0.03254338455200195 -1.174079833984375
   vertex 0.03090169906616211 -0.03624424362182617 -1.1768502197265625
  endloop
 endfacet
 facet normal 0.3679218888282776 -0.6805583238601685 -0.6336196064949036
  outer loop
   vertex 0.042577930450439457 -0.01953218078613281 -1.1902257080078125
   vertex 0.03090169906616211 -0.008671207427978516 -1.2086712646484374
   vertex 0.042577930450439457 -0.00540229082107544 -1.20540234375
  endloop
 endfacet
 facet normal 0.4815187156200409 -0.6414598226547241 -0.5972177982330322
  outer loop
   vertex 0.042577930450439457 -0.01953218078613281 -1.1902257080078125
   vertex 0.042577930450439457 -0.00540229082107544 -1.20540234375
   vertex 0.05358267974853516 -0.0011243563890457153 -1.2011243896484376
  endloop
 endfacet
 facet normal 0.3679197430610657 -0.6805599331855774 -0.6336191892623901
  outer loop
   vertex 0.042577930450439457 -0.01953218078613281 -1.1902257080078125
   vertex 0.03090169906616211 -0.023025970458984375 -1.1932530517578126
   vertex 0.03090169906616211 -0.008671207427978516 -1.2086712646484374
  endloop
 endfacet
 facet normal 0.9980242848396301 -0.061831966042518616 -0.011155730113387108
  outer loop
   vertex 0.09921147155761718 -0.007676270961761475 -1.04517724609375
   vertex 0.1 0.0020357115268707275 -1.0284630126953125
   vertex 0.09921147155761718 -0.010370040893554687 -1.0302467041015626
  endloop
 endfacet
 facet normal 0.9980241656303406 -0.061831943690776825 -0.011155743151903152
  outer loop
   vertex 0.09921147155761718 -0.007676270961761475 -1.04517724609375
   vertex 0.1 0.004570626735687256 -1.0425130615234375
   vertex 0.1 0.0020357115268707275 -1.0284630126953125
  endloop
 endfacet
 facet normal 0.9822652339935303 -0.18451789021492004 -0.03329073637723923
  outer loop
   vertex 0.09921147155761718 -0.007676270961761475 -1.04517724609375
   vertex 0.09921147155761718 -0.010370040893554687 -1.0302467041015626
   vertex 0.09685831451416016 -0.02258014678955078 -1.032002197265625
  endloop
 endfacet
 facet normal 0.9822651743888855 -0.18451787531375885 -0.033290743827819824
  outer loop
   vertex 0.09921147155761718 -0.007676270961761475 -1.04517724609375
   vertex 0.09685831451416016 -0.02258014678955078 -1.032002197265625
   vertex 0.09685831451416016 -0.01973002815246582 -1.04779931640625
  endloop
 endfacet
 facet normal 0.9509985446929932 -0.2995908260345459 -0.07646592706441879
  outer loop
   vertex 0.09685831451416016 -0.015760214805603027 -1.0633529052734376
   vertex 0.09685831451416016 -0.01973002815246582 -1.04779931640625
   vertex 0.09297764587402343 -0.027219886779785155 -1.0667177734375
  endloop
 endfacet
 facet normal 0.9047226905822754 -0.404200941324234 -0.13453087210655212
  outer loop
   vertex 0.09297764587402343 -0.021881364822387697 -1.0827574462890626
   vertex 0.08763066864013672 -0.038122520446777344 -1.0699190673828125
   vertex 0.08763066864013672 -0.032527843475341794 -1.0867283935546874
  endloop
 endfacet
 facet normal 0.9047225117683411 -0.40420106053352356 -0.1345311999320984
  outer loop
   vertex 0.09297764587402343 -0.021881364822387697 -1.0827574462890626
   vertex 0.09297764587402343 -0.027219886779785155 -1.0667177734375
   vertex 0.08763066864013672 -0.038122520446777344 -1.0699190673828125
  endloop
 endfacet
 facet normal 0.8441735506057739 -0.4952642321586609 -0.20514445006847382
  outer loop
   vertex 0.08763066864013672 -0.025748254776000977 -1.1030958251953125
   vertex 0.08763066864013672 -0.032527843475341794 -1.0867283935546874
   vertex 0.08090170288085938 -0.04246246719360352 -1.090433837890625
  endloop
 endfacet
 facet normal 0.9047226905822754 -0.3935738205909729 -0.16302305459976196
  outer loop
   vertex 0.08763066864013672 -0.025748254776000977 -1.1030958251953125
   vertex 0.09297764587402343 -0.021881364822387697 -1.0827574462890626
   vertex 0.08763066864013672 -0.032527843475341794 -1.0867283935546874
  endloop
 endfacet
 facet normal 0.8441730737686157 -0.49526476860046387 -0.2051454484462738
  outer loop
   vertex 0.08763066864013672 -0.025748254776000977 -1.1030958251953125
   vertex 0.08090170288085938 -0.04246246719360352 -1.090433837890625
   vertex 0.08090170288085938 -0.035393226623535154 -1.10750048828125
  endloop
 endfacet
 facet normal 0.7703139781951904 -0.5702155232429504 -0.28543055057525635
  outer loop
   vertex 0.08090170288085938 -0.027124475479125977 -1.124019287109375
   vertex 0.07289686584472656 -0.04419499588012695 -1.1115201416015625
   vertex 0.07289686584472656 -0.03561705780029297 -1.1286566162109375
  endloop
 endfacet
 facet normal 0.7703139781951904 -0.5702155232429504 -0.28543058037757874
  outer loop
   vertex 0.08090170288085938 -0.027124475479125977 -1.124019287109375
   vertex 0.08090170288085938 -0.035393226623535154 -1.10750048828125
   vertex 0.07289686584472656 -0.04419499588012695 -1.1115201416015625
  endloop
 endfacet
 facet normal 0.844173014163971 -0.47936779260635376 -0.23995529115200043
  outer loop
   vertex 0.08090170288085938 -0.027124475479125977 -1.124019287109375
   vertex 0.08763066864013672 -0.025748254776000977 -1.1030958251953125
   vertex 0.08090170288085938 -0.035393226623535154 -1.10750048828125
  endloop
 endfacet
 facet normal 0.6843155026435852 -0.6271101832389832 -0.37208208441734314
  outer loop
   vertex 0.07289686584472656 -0.02583847427368164 -1.1451375732421876
   vertex 0.06374239730834962 -0.043162124633789066 -1.132776611328125
   vertex 0.06374239730834962 -0.03307040405273438 -1.1497852783203126
  endloop
 endfacet
 facet normal 0.6843167543411255 -0.6271097660064697 -0.37208065390586853
  outer loop
   vertex 0.07289686584472656 -0.02583847427368164 -1.1451375732421876
   vertex 0.07289686584472656 -0.03561705780029297 -1.1286566162109375
   vertex 0.06374239730834962 -0.043162124633789066 -1.132776611328125
  endloop
 endfacet
 facet normal 0.5875400900840759 -0.6646889448165894 -0.461503267288208
  outer loop
   vertex 0.06374239730834962 -0.021791011810302734 -1.1660306396484375
   vertex 0.06374239730834962 -0.03307040405273438 -1.1497852783203126
   vertex 0.05358267974853516 -0.03928009033203125 -1.1537760009765625
  endloop
 endfacet
 facet normal 0.5875411033630371 -0.664688766002655 -0.46150219440460205
  outer loop
   vertex 0.06374239730834962 -0.021791011810302734 -1.1660306396484375
   vertex 0.05358267974853516 -0.03928009033203125 -1.1537760009765625
   vertex 0.05358267974853516 -0.02770018005371094 -1.1704542236328126
  endloop
 endfacet
 facet normal 0.48151928186416626 -0.682429850101471 -0.5499351620674133
  outer loop
   vertex 0.05358267974853516 -0.014959961891174317 -1.186263916015625
   vertex 0.05358267974853516 -0.02770018005371094 -1.1704542236328126
   vertex 0.042577930450439457 -0.03254338455200195 -1.174079833984375
  endloop
 endfacet
 facet normal 0.48151570558547974 -0.6824297904968262 -0.5499383211135864
  outer loop
   vertex 0.05358267974853516 -0.014959961891174317 -1.186263916015625
   vertex 0.042577930450439457 -0.03254338455200195 -1.174079833984375
   vertex 0.042577930450439457 -0.01953218078613281 -1.1902257080078125
  endloop
 endfacet
 facet normal 0.481515496969223 -0.6414595246315002 -0.5972206592559814
  outer loop
   vertex 0.05358267974853516 -0.014959961891174317 -1.186263916015625
   vertex 0.042577930450439457 -0.01953218078613281 -1.1902257080078125
   vertex 0.05358267974853516 -0.0011243563890457153 -1.2011243896484376
  endloop
 endfacet
 facet normal 0.9980241656303406 -0.060878556221723557 -0.015538359060883522
  outer loop
   vertex 0.09921147155761718 -0.0039242303371429445 -1.0598775634765625
   vertex 0.1 0.004570626735687256 -1.0425130615234375
   vertex 0.09921147155761718 -0.007676270961761475 -1.04517724609375
  endloop
 endfacet
 facet normal 0.9980242252349854 -0.06087866425514221 -0.01553830411285162
  outer loop
   vertex 0.09921147155761718 -0.0039242303371429445 -1.0598775634765625
   vertex 0.1 0.008101405143737793 -1.0563465576171875
   vertex 0.1 0.004570626735687256 -1.0425130615234375
  endloop
 endfacet
 facet normal 0.9822651743888855 -0.1816728562116623 -0.04636933654546738
  outer loop
   vertex 0.09921147155761718 -0.0039242303371429445 -1.0598775634765625
   vertex 0.09921147155761718 -0.007676270961761475 -1.04517724609375
   vertex 0.09685831451416016 -0.01973002815246582 -1.04779931640625
  endloop
 endfacet
 facet normal 0.9822652339935303 -0.18167273700237274 -0.04636916145682335
  outer loop
   vertex 0.09921147155761718 -0.0039242303371429445 -1.0598775634765625
   vertex 0.09685831451416016 -0.01973002815246582 -1.04779931640625
   vertex 0.09685831451416016 -0.015760214805603027 -1.0633529052734376
  endloop
 endfacet
 facet normal 0.9509986042976379 -0.29337236285209656 -0.09764381498098373
  outer loop
   vertex 0.09685831451416016 -0.010690937042236328 -1.0785836181640625
   vertex 0.09297764587402343 -0.027219886779785155 -1.0667177734375
   vertex 0.09297764587402343 -0.021881364822387697 -1.0827574462890626
  endloop
 endfacet
 facet normal 0.9509985446929932 -0.29337242245674133 -0.0976439043879509
  outer loop
   vertex 0.09685831451416016 -0.010690937042236328 -1.0785836181640625
   vertex 0.09685831451416016 -0.015760214805603027 -1.0633529052734376
   vertex 0.09297764587402343 -0.027219886779785155 -1.0667177734375
  endloop
 endfacet
 facet normal 0.9047226309776306 -0.3935739994049072 -0.16302302479743958
  outer loop
   vertex 0.09297764587402343 -0.015412186622619629 -1.09837548828125
   vertex 0.09297764587402343 -0.021881364822387697 -1.0827574462890626
   vertex 0.08763066864013672 -0.025748254776000977 -1.1030958251953125
  endloop
 endfacet
 facet normal 0.8441733717918396 -0.4793669283390045 -0.23995546996593475
  outer loop
   vertex 0.08763066864013672 -0.017818305969238283 -1.118937744140625
   vertex 0.08763066864013672 -0.025748254776000977 -1.1030958251953125
   vertex 0.08090170288085938 -0.027124475479125977 -1.124019287109375
  endloop
 endfacet
 facet normal 0.7703133821487427 -0.5484017729759216 -0.3253811299800873
  outer loop
   vertex 0.08090170288085938 -0.01769834899902344 -1.1399062500000001
   vertex 0.07289686584472656 -0.03561705780029297 -1.1286566162109375
   vertex 0.07289686584472656 -0.02583847427368164 -1.1451375732421876
  endloop
 endfacet
 facet normal 0.7703140377998352 -0.548401415348053 -0.3253800570964813
  outer loop
   vertex 0.08090170288085938 -0.01769834899902344 -1.1399062500000001
   vertex 0.08090170288085938 -0.027124475479125977 -1.124019287109375
   vertex 0.07289686584472656 -0.03561705780029297 -1.1286566162109375
  endloop
 endfacet
 facet normal 0.6843156218528748 -0.5989683866500854 -0.41587135195732117
  outer loop
   vertex 0.07289686584472656 -0.014909067153930665 -1.16087890625
   vertex 0.07289686584472656 -0.02583847427368164 -1.1451375732421876
   vertex 0.06374239730834962 -0.03307040405273438 -1.1497852783203126
  endloop
 endfacet
 facet normal 0.6843144297599792 -0.5989687442779541 -0.415872722864151
  outer loop
   vertex 0.07289686584472656 -0.014909067153930665 -1.16087890625
   vertex 0.06374239730834962 -0.03307040405273438 -1.1497852783203126
   vertex 0.06374239730834962 -0.021791011810302734 -1.1660306396484375
  endloop
 endfacet
 facet normal 0.5875412225723267 -0.630073070526123 -0.5077432990074158
  outer loop
   vertex 0.06374239730834962 -0.009381420135498047 -1.1814300537109375
   vertex 0.06374239730834962 -0.021791011810302734 -1.1660306396484375
   vertex 0.05358267974853516 -0.02770018005371094 -1.1704542236328126
  endloop
 endfacet
 facet normal 0.5875400304794312 -0.5922458171844482 -0.5513997077941895
  outer loop
   vertex 0.06374239730834962 -0.009381420135498047 -1.1814300537109375
   vertex 0.05358267974853516 -0.0011243563890457153 -1.2011243896484376
   vertex 0.06374239730834962 0.00409512996673584 -1.1959049072265626
  endloop
 endfacet
 facet normal 0.6843143701553345 -0.567776083946228 -0.45754140615463257
  outer loop
   vertex 0.06374239730834962 -0.009381420135498047 -1.1814300537109375
   vertex 0.07289686584472656 -0.014909067153930665 -1.16087890625
   vertex 0.06374239730834962 -0.021791011810302734 -1.1660306396484375
  endloop
 endfacet
 facet normal 0.5875410437583923 -0.630073070526123 -0.5077435374259949
  outer loop
   vertex 0.06374239730834962 -0.009381420135498047 -1.1814300537109375
   vertex 0.05358267974853516 -0.02770018005371094 -1.1704542236328126
   vertex 0.05358267974853516 -0.014959961891174317 -1.186263916015625
  endloop
 endfacet
 facet normal 0.5875411629676819 -0.5922446250915527 -0.551399827003479
  outer loop
   vertex 0.06374239730834962 -0.009381420135498047 -1.1814300537109375
   vertex 0.05358267974853516 -0.014959961891174317 -1.186263916015625
   vertex 0.05358267974853516 -0.0011243563890457153 -1.2011243896484376
  endloop
 endfacet
 facet normal 0.9822652339935303 -0.1779019683599472 -0.059211309999227524
  outer loop
   vertex 0.09921147155761718 0.000866961121559143 -1.0742728271484374
   vertex 0.09921147155761718 -0.0039242303371429445 -1.0598775634765625
   vertex 0.09685831451416016 -0.015760214805603027 -1.0633529052734376
  endloop
 endfacet
 facet normal 0.9980241656303406 -0.0596148855984211 -0.019841821864247322
  outer loop
   vertex 0.09921147155761718 0.000866961121559143 -1.0742728271484374
   vertex 0.1 0.012610054969787598 -1.069892822265625
   vertex 0.1 0.008101405143737793 -1.0563465576171875
  endloop
 endfacet
 facet normal 0.9980242252349854 -0.058047521859407425 -0.024044042453169823
  outer loop
   vertex 0.09921147155761718 0.000866961121559143 -1.0742728271484374
   vertex 0.1 0.01807360076904297 -1.0830830078125
   vertex 0.1 0.012610054969787598 -1.069892822265625
  endloop
 endfacet
 facet normal 0.9980241656303406 -0.05961507186293602 -0.01984175108373165
  outer loop
   vertex 0.09921147155761718 0.000866961121559143 -1.0742728271484374
   vertex 0.1 0.008101405143737793 -1.0563465576171875
   vertex 0.09921147155761718 -0.0039242303371429445 -1.0598775634765625
  endloop
 endfacet
 facet normal 0.9822651147842407 -0.17790216207504272 -0.059211645275354385
  outer loop
   vertex 0.09921147155761718 0.000866961121559143 -1.0742728271484374
   vertex 0.09685831451416016 -0.015760214805603027 -1.0633529052734376
   vertex 0.09685831451416016 -0.010690937042236328 -1.0785836181640625
  endloop
 endfacet
 facet normal 0.9509986042976379 -0.2856591045856476 -0.1183236762881279
  outer loop
   vertex 0.09685831451416016 -0.004548027038574219 -1.0934139404296874
   vertex 0.09685831451416016 -0.010690937042236328 -1.0785836181640625
   vertex 0.09297764587402343 -0.021881364822387697 -1.0827574462890626
  endloop
 endfacet
 facet normal 0.9509987235069275 -0.28565892577171326 -0.11832331120967865
  outer loop
   vertex 0.09685831451416016 -0.004548027038574219 -1.0934139404296874
   vertex 0.09297764587402343 -0.021881364822387697 -1.0827574462890626
   vertex 0.09297764587402343 -0.015412186622619629 -1.09837548828125
  endloop
 endfacet
 facet normal 0.9047226309776306 -0.3809410333633423 -0.19068525731563568
  outer loop
   vertex 0.09297764587402343 -0.007845316410064697 -1.1134921875000001
   vertex 0.09297764587402343 -0.015412186622619629 -1.09837548828125
   vertex 0.08763066864013672 -0.025748254776000977 -1.1030958251953125
  endloop
 endfacet
 facet normal 0.9047218561172485 -0.38094186782836914 -0.1906871199607849
  outer loop
   vertex 0.09297764587402343 -0.007845316410064697 -1.1134921875000001
   vertex 0.08763066864013672 -0.025748254776000977 -1.1030958251953125
   vertex 0.08763066864013672 -0.017818305969238283 -1.118937744140625
  endloop
 endfacet
 facet normal 0.8441734313964844 -0.46102821826934814 -0.27354031801223755
  outer loop
   vertex 0.08763066864013672 -0.008778404235839844 -1.1341737060546875
   vertex 0.08763066864013672 -0.017818305969238283 -1.118937744140625
   vertex 0.08090170288085938 -0.027124475479125977 -1.124019287109375
  endloop
 endfacet
 facet normal 0.8441740274429321 -0.4610278308391571 -0.2735391855239868
  outer loop
   vertex 0.08763066864013672 -0.008778404235839844 -1.1341737060546875
   vertex 0.08090170288085938 -0.027124475479125977 -1.124019287109375
   vertex 0.08090170288085938 -0.01769834899902344 -1.1399062500000001
  endloop
 endfacet
 facet normal 0.7703133821487427 -0.5237916707992554 -0.36367517709732056
  outer loop
   vertex 0.08090170288085938 -0.007162881851196289 -1.1550802001953124
   vertex 0.07289686584472656 -0.02583847427368164 -1.1451375732421876
   vertex 0.07289686584472656 -0.014909067153930665 -1.16087890625
  endloop
 endfacet
 facet normal 0.7703133225440979 -0.5237916707992554 -0.36367520689964294
  outer loop
   vertex 0.08090170288085938 -0.007162881851196289 -1.1550802001953124
   vertex 0.08090170288085938 -0.01769834899902344 -1.1399062500000001
   vertex 0.07289686584472656 -0.02583847427368164 -1.1451375732421876
  endloop
 endfacet
 facet normal 0.6843166351318359 -0.5336868166923523 -0.4968794286251068
  outer loop
   vertex 0.07289686584472656 -0.002884533166885376 -1.1758004150390626
   vertex 0.06374239730834962 -0.009381420135498047 -1.1814300537109375
   vertex 0.06374239730834962 0.00409512996673584 -1.1959049072265626
  endloop
 endfacet
 facet normal 0.6843153238296509 -0.5336884260177612 -0.4968794584274292
  outer loop
   vertex 0.07289686584472656 -0.002884533166885376 -1.1758004150390626
   vertex 0.06374239730834962 0.00409512996673584 -1.1959049072265626
   vertex 0.07289686584472656 0.010173853874206544 -1.189826171875
  endloop
 endfacet
 facet normal 0.6843165159225464 -0.5677734017372131 -0.4575415849685669
  outer loop
   vertex 0.07289686584472656 -0.002884533166885376 -1.1758004150390626
   vertex 0.07289686584472656 -0.014909067153930665 -1.16087890625
   vertex 0.06374239730834962 -0.009381420135498047 -1.1814300537109375
  endloop
 endfacet
 facet normal 0.7703150510787964 -0.466703325510025 -0.4345143437385559
  outer loop
   vertex 0.07289686584472656 -0.002884533166885376 -1.1758004150390626
   vertex 0.07289686584472656 0.010173853874206544 -1.189826171875
   vertex 0.08090170288085938 0.017015949249267578 -1.1829840087890626
  endloop
 endfacet
 facet normal 0.9822651743888855 -0.17322468757629395 -0.07175187766551971
  outer loop
   vertex 0.09921147155761718 0.006672889232635498 -1.08828955078125
   vertex 0.09685831451416016 -0.010690937042236328 -1.0785836181640625
   vertex 0.09685831451416016 -0.004548027038574219 -1.0934139404296874
  endloop
 endfacet
 facet normal 0.9822651147842407 -0.17322485148906708 -0.07175222039222717
  outer loop
   vertex 0.09921147155761718 0.006672889232635498 -1.08828955078125
   vertex 0.09921147155761718 0.000866961121559143 -1.0742728271484374
   vertex 0.09685831451416016 -0.010690937042236328 -1.0785836181640625
  endloop
 endfacet
 facet normal 0.9980241656303406 -0.0580475740134716 -0.024044139310717583
  outer loop
   vertex 0.09921147155761718 0.006672889232635498 -1.08828955078125
   vertex 0.1 0.01807360076904297 -1.0830830078125
   vertex 0.09921147155761718 0.000866961121559143 -1.0742728271484374
  endloop
 endfacet
 facet normal 0.9509989619255066 -0.2764893174171448 -0.13840048015117645
  outer loop
   vertex 0.09685831451416016 0.0026372132301330565 -1.1077681884765624
   vertex 0.09297764587402343 -0.015412186622619629 -1.09837548828125
   vertex 0.09297764587402343 -0.007845316410064697 -1.1134921875000001
  endloop
 endfacet
 facet normal 0.9509987235069275 -0.2764895558357239 -0.1384011209011078
  outer loop
   vertex 0.09685831451416016 0.0026372132301330565 -1.1077681884765624
   vertex 0.09685831451416016 -0.004548027038574219 -1.0934139404296874
   vertex 0.09297764587402343 -0.015412186622619629 -1.09837548828125
  endloop
 endfacet
 facet normal 0.9047220349311829 -0.3663681745529175 -0.2173760086297989
  outer loop
   vertex 0.09297764587402343 0.0007806853652000428 -1.1280305175781251
   vertex 0.08763066864013672 -0.017818305969238283 -1.118937744140625
   vertex 0.08763066864013672 -0.008778404235839844 -1.1341737060546875
  endloop
 endfacet
 facet normal 0.9047217965126038 -0.36636847257614136 -0.2173767387866974
  outer loop
   vertex 0.09297764587402343 0.0007806853652000428 -1.1280305175781251
   vertex 0.09297764587402343 -0.007845316410064697 -1.1134921875000001
   vertex 0.08763066864013672 -0.017818305969238283 -1.118937744140625
  endloop
 endfacet
 facet normal 0.8441740870475769 -0.4403385818004608 -0.30573201179504395
  outer loop
   vertex 0.08763066864013672 0.001325383424758911 -1.1487259521484374
   vertex 0.08763066864013672 -0.008778404235839844 -1.1341737060546875
   vertex 0.08090170288085938 -0.01769834899902344 -1.1399062500000001
  endloop
 endfacet
 facet normal 0.8441736698150635 -0.4403388798236847 -0.30573293566703796
  outer loop
   vertex 0.08763066864013672 0.001325383424758911 -1.1487259521484374
   vertex 0.08090170288085938 -0.01769834899902344 -1.1399062500000001
   vertex 0.08090170288085938 -0.007162881851196289 -1.1550802001953124
  endloop
 endfacet
 facet normal 0.7703133225440979 -0.49651238322257996 -0.4001160264015198
  outer loop
   vertex 0.08090170288085938 0.004428239822387696 -1.1694638671875
   vertex 0.08090170288085938 -0.007162881851196289 -1.1550802001953124
   vertex 0.07289686584472656 -0.014909067153930665 -1.16087890625
  endloop
 endfacet
 facet normal 0.7703135013580322 -0.4965123236179352 -0.4001156687736511
  outer loop
   vertex 0.08090170288085938 0.004428239822387696 -1.1694638671875
   vertex 0.07289686584472656 -0.014909067153930665 -1.16087890625
   vertex 0.07289686584472656 -0.002884533166885376 -1.1758004150390626
  endloop
 endfacet
 facet normal 0.8441736102104187 -0.4174058139324188 -0.33636775612831116
  outer loop
   vertex 0.08090170288085938 0.004428239822387696 -1.1694638671875
   vertex 0.08763066864013672 0.001325383424758911 -1.1487259521484374
   vertex 0.08090170288085938 -0.007162881851196289 -1.1550802001953124
  endloop
 endfacet
 facet normal 0.770313560962677 -0.4667035937309265 -0.4345168471336365
  outer loop
   vertex 0.08090170288085938 0.004428239822387696 -1.1694638671875
   vertex 0.07289686584472656 -0.002884533166885376 -1.1758004150390626
   vertex 0.08090170288085938 0.017015949249267578 -1.1829840087890626
  endloop
 endfacet
 facet normal 0.9822651743888855 -0.16766442358493805 -0.08392727375030518
  outer loop
   vertex 0.09921147155761718 0.013463967323303223 -1.1018563232421876
   vertex 0.09921147155761718 0.006672889232635498 -1.08828955078125
   vertex 0.09685831451416016 -0.004548027038574219 -1.0934139404296874
  endloop
 endfacet
 facet normal 0.9822652339935303 -0.1676642894744873 -0.08392693102359772
  outer loop
   vertex 0.09921147155761718 0.013463967323303223 -1.1018563232421876
   vertex 0.09685831451416016 -0.004548027038574219 -1.0934139404296874
   vertex 0.09685831451416016 0.0026372132301330565 -1.1077681884765624
  endloop
 endfacet
 facet normal 0.9980241656303406 -0.056184347718954086 -0.028124025091528893
  outer loop
   vertex 0.09921147155761718 0.013463967323303223 -1.1018563232421876
   vertex 0.1 0.01807360076904297 -1.0830830078125
   vertex 0.09921147155761718 0.006672889232635498 -1.08828955078125
  endloop
 endfacet
 facet normal 0.9980242252349854 -0.056184690445661545 -0.028123941272497177
  outer loop
   vertex 0.09921147155761718 0.013463967323303223 -1.1018563232421876
   vertex 0.1 0.024464202880859376 -1.095849853515625
   vertex 0.1 0.01807360076904297 -1.0830830078125
  endloop
 endfacet
 facet normal 0.9509987235069275 -0.2659119665622711 -0.15777306258678436
  outer loop
   vertex 0.09685831451416016 0.010828168869018554 -1.1215733642578125
   vertex 0.09297764587402343 -0.007845316410064697 -1.1134921875000001
   vertex 0.09297764587402343 0.0007806853652000428 -1.1280305175781251
  endloop
 endfacet
 facet normal 0.9509990215301514 -0.2659115493297577 -0.1577719748020172
  outer loop
   vertex 0.09685831451416016 0.010828168869018554 -1.1215733642578125
   vertex 0.09685831451416016 0.0026372132301330565 -1.1077681884765624
   vertex 0.09297764587402343 -0.007845316410064697 -1.1134921875000001
  endloop
 endfacet
 facet normal 0.9047219753265381 -0.3499266803264618 -0.24295970797538757
  outer loop
   vertex 0.09297764587402343 0.010421863555908203 -1.1419163818359375
   vertex 0.09297764587402343 0.0007806853652000428 -1.1280305175781251
   vertex 0.08763066864013672 -0.008778404235839844 -1.1341737060546875
  endloop
 endfacet
 facet normal 0.9047227501869202 -0.34992605447769165 -0.24295756220817566
  outer loop
   vertex 0.09297764587402343 0.010421863555908203 -1.1419163818359375
   vertex 0.08763066864013672 -0.008778404235839844 -1.1341737060546875
   vertex 0.08763066864013672 0.001325383424758911 -1.1487259521484374
  endloop
 endfacet
 facet normal 0.8441734313964844 -0.39234694838523865 -0.36528781056404114
  outer loop
   vertex 0.08763066864013672 0.012441572189331056 -1.162520263671875
   vertex 0.08090170288085938 0.017015949249267578 -1.1829840087890626
   vertex 0.08763066864013672 0.02451351547241211 -1.1754864501953126
  endloop
 endfacet
 facet normal 0.8441736698150635 -0.41740578413009644 -0.33636772632598877
  outer loop
   vertex 0.08763066864013672 0.012441572189331056 -1.162520263671875
   vertex 0.08763066864013672 0.001325383424758911 -1.1487259521484374
   vertex 0.08090170288085938 0.004428239822387696 -1.1694638671875
  endloop
 endfacet
 facet normal 0.8441736102104187 -0.39234641194343567 -0.36528778076171875
  outer loop
   vertex 0.08763066864013672 0.012441572189331056 -1.162520263671875
   vertex 0.08090170288085938 0.004428239822387696 -1.1694638671875
   vertex 0.08090170288085938 0.017015949249267578 -1.1829840087890626
  endloop
 endfacet
 facet normal 0.9822652339935303 -0.16124999523162842 -0.09567373991012573
  outer loop
   vertex 0.09921147155761718 0.021205591201782226 -1.1149041748046875
   vertex 0.09921147155761718 0.013463967323303223 -1.1018563232421876
   vertex 0.09685831451416016 0.0026372132301330565 -1.1077681884765624
  endloop
 endfacet
 facet normal 0.9822651743888855 -0.16124993562698364 -0.09567361325025558
  outer loop
   vertex 0.09921147155761718 0.021205591201782226 -1.1149041748046875
   vertex 0.09685831451416016 0.0026372132301330565 -1.1077681884765624
   vertex 0.09685831451416016 0.010828168869018554 -1.1215733642578125
  endloop
 endfacet
 facet normal 0.9980241656303406 -0.05403522029519081 -0.03206047788262367
  outer loop
   vertex 0.09921147155761718 0.021205591201782226 -1.1149041748046875
   vertex 0.1 0.024464202880859376 -1.095849853515625
   vertex 0.09921147155761718 0.013463967323303223 -1.1018563232421876
  endloop
 endfacet
 facet normal 0.9980241656303406 -0.05403492972254753 -0.03206052631139755
  outer loop
   vertex 0.09921147155761718 0.021205591201782226 -1.1149041748046875
   vertex 0.1 0.03174929428100586 -1.108128173828125
   vertex 0.1 0.024464202880859376 -1.095849853515625
  endloop
 endfacet
 facet normal 0.9509987235069275 -0.2539787292480469 -0.17634141445159912
  outer loop
   vertex 0.09685831451416016 0.01998310089111328 -1.1347589111328125
   vertex 0.09685831451416016 0.010828168869018554 -1.1215733642578125
   vertex 0.09297764587402343 0.0007806853652000428 -1.1280305175781251
  endloop
 endfacet
 facet normal 0.9509987235069275 -0.25397878885269165 -0.17634154856204987
  outer loop
   vertex 0.09685831451416016 0.01998310089111328 -1.1347589111328125
   vertex 0.09297764587402343 0.0007806853652000428 -1.1280305175781251
   vertex 0.09297764587402343 0.010421863555908203 -1.1419163818359375
  endloop
 endfacet
 facet normal 0.9047229290008545 -0.3317026197910309 -0.2673012316226959
  outer loop
   vertex 0.09297764587402343 0.021029087066650392 -1.1550792236328125
   vertex 0.09297764587402343 0.010421863555908203 -1.1419163818359375
   vertex 0.08763066864013672 0.001325383424758911 -1.1487259521484374
  endloop
 endfacet
 facet normal 0.9047225117683411 -0.31178712844848633 -0.2902859151363373
  outer loop
   vertex 0.09297764587402343 0.021029087066650392 -1.1550792236328125
   vertex 0.08763066864013672 0.02451351547241211 -1.1754864501953126
   vertex 0.09297764587402343 0.03254830551147461 -1.1674516601562501
  endloop
 endfacet
 facet normal 0.9047217965126038 -0.331703245639801 -0.26730403304100037
  outer loop
   vertex 0.09297764587402343 0.021029087066650392 -1.1550792236328125
   vertex 0.08763066864013672 0.001325383424758911 -1.1487259521484374
   vertex 0.08763066864013672 0.012441572189331056 -1.162520263671875
  endloop
 endfacet
 facet normal 0.9509986639022827 -0.24075262248516083 -0.19400954246520996
  outer loop
   vertex 0.09297764587402343 0.021029087066650392 -1.1550792236328125
   vertex 0.09685831451416016 0.01998310089111328 -1.1347589111328125
   vertex 0.09297764587402343 0.010421863555908203 -1.1419163818359375
  endloop
 endfacet
 facet normal 0.904721736907959 -0.3117893934249878 -0.290286123752594
  outer loop
   vertex 0.09297764587402343 0.021029087066650392 -1.1550792236328125
   vertex 0.08763066864013672 0.012441572189331056 -1.162520263671875
   vertex 0.08763066864013672 0.02451351547241211 -1.1754864501953126
  endloop
 endfacet
 facet normal 0.982265293598175 -0.15401360392570496 -0.1069335788488388
  outer loop
   vertex 0.09921147155761718 0.02985830879211426 -1.127366455078125
   vertex 0.09921147155761718 0.021205591201782226 -1.1149041748046875
   vertex 0.09685831451416016 0.010828168869018554 -1.1215733642578125
  endloop
 endfacet
 facet normal 0.9980242848396301 -0.05161036550998688 -0.035833559930324554
  outer loop
   vertex 0.09921147155761718 0.02985830879211426 -1.127366455078125
   vertex 0.1 0.03989175033569336 -1.1198555908203125
   vertex 0.1 0.03174929428100586 -1.108128173828125
  endloop
 endfacet
 facet normal 0.9980241656303406 -0.04892238974571228 -0.039424292743206024
  outer loop
   vertex 0.09921147155761718 0.02985830879211426 -1.127366455078125
   vertex 0.1 0.0488500862121582 -1.13097216796875
   vertex 0.1 0.03989175033569336 -1.1198555908203125
  endloop
 endfacet
 facet normal 0.9822651743888855 -0.15401378273963928 -0.10693417489528656
  outer loop
   vertex 0.09921147155761718 0.02985830879211426 -1.127366455078125
   vertex 0.09685831451416016 0.010828168869018554 -1.1215733642578125
   vertex 0.09685831451416016 0.01998310089111328 -1.1347589111328125
  endloop
 endfacet
 facet normal 0.9980242848396301 -0.051610156893730164 -0.03583357855677605
  outer loop
   vertex 0.09921147155761718 0.02985830879211426 -1.127366455078125
   vertex 0.1 0.03174929428100586 -1.108128173828125
   vertex 0.09921147155761718 0.021205591201782226 -1.1149041748046875
  endloop
 endfacet
 facet normal 0.9509986639022827 -0.22629839181900024 -0.2106909453868866
  outer loop
   vertex 0.09685831451416016 0.030055356979370118 -1.1472578125
   vertex 0.09297764587402343 0.03254830551147461 -1.1674516601562501
   vertex 0.09685831451416016 0.04099361419677734 -1.15900634765625
  endloop
 endfacet
 facet normal 0.9509991407394409 -0.22629648447036743 -0.21069079637527466
  outer loop
   vertex 0.09685831451416016 0.030055356979370118 -1.1472578125
   vertex 0.09297764587402343 0.021029087066650392 -1.1550792236328125
   vertex 0.09297764587402343 0.03254830551147461 -1.1674516601562501
  endloop
 endfacet
 facet normal 0.9509990811347961 -0.24075104296207428 -0.19400955736637115
  outer loop
   vertex 0.09685831451416016 0.030055356979370118 -1.1472578125
   vertex 0.09685831451416016 0.01998310089111328 -1.1347589111328125
   vertex 0.09297764587402343 0.021029087066650392 -1.1550792236328125
  endloop
 endfacet
 facet normal 0.9822649359703064 -0.13722918927669525 -0.1277637630701065
  outer loop
   vertex 0.09921147155761718 0.03937803268432617 -1.1391796875
   vertex 0.09685831451416016 0.04099361419677734 -1.15900634765625
   vertex 0.09921147155761718 0.04971624755859375 -1.1502838134765625
  endloop
 endfacet
 facet normal 0.9980242252349854 -0.04598527029156685 -0.04281342029571533
  outer loop
   vertex 0.09921147155761718 0.03937803268432617 -1.1391796875
   vertex 0.09921147155761718 0.04971624755859375 -1.1502838134765625
   vertex 0.1 0.05857864379882813 -1.14142138671875
  endloop
 endfacet
 facet normal 0.9980242848396301 -0.04892238229513168 -0.03942422941327095
  outer loop
   vertex 0.09921147155761718 0.03937803268432617 -1.1391796875
   vertex 0.1 0.0488500862121582 -1.13097216796875
   vertex 0.09921147155761718 0.02985830879211426 -1.127366455078125
  endloop
 endfacet
 facet normal 0.9980241656303406 -0.04598531872034073 -0.042813804000616074
  outer loop
   vertex 0.09921147155761718 0.03937803268432617 -1.1391796875
   vertex 0.1 0.05857864379882813 -1.14142138671875
   vertex 0.1 0.0488500862121582 -1.13097216796875
  endloop
 endfacet
 facet normal 0.9822651743888855 -0.1459929496049881 -0.11764879524707794
  outer loop
   vertex 0.09921147155761718 0.03937803268432617 -1.1391796875
   vertex 0.09921147155761718 0.02985830879211426 -1.127366455078125
   vertex 0.09685831451416016 0.01998310089111328 -1.1347589111328125
  endloop
 endfacet
 facet normal 0.9822651743888855 -0.1372281163930893 -0.12776370346546173
  outer loop
   vertex 0.09921147155761718 0.03937803268432617 -1.1391796875
   vertex 0.09685831451416016 0.030055356979370118 -1.1472578125
   vertex 0.09685831451416016 0.04099361419677734 -1.15900634765625
  endloop
 endfacet
 facet normal 0.9822651743888855 -0.14599289000034332 -0.11764856427907944
  outer loop
   vertex 0.09921147155761718 0.03937803268432617 -1.1391796875
   vertex 0.09685831451416016 0.01998310089111328 -1.1347589111328125
   vertex 0.09685831451416016 0.030055356979370118 -1.1472578125
  endloop
 endfacet
 facet normal 0.9980266690254211 -0.04439955949783325 -0.04439955949783325
  outer loop
   vertex 0.1 0.7656854248046875 -1.8485281982421875
   vertex 0.1 0.05857864379882813 -1.14142138671875
   vertex 0.09921147155761718 0.04971624755859375 -1.1502838134765625
  endloop
 endfacet
 facet normal 0.9822869896888733 -0.13249948620796204 -0.13249950110912323
  outer loop
   vertex 0.09921147155761718 0.756822998046875 -1.8573905029296875
   vertex 0.09921147155761718 0.04971624755859375 -1.1502838134765625
   vertex 0.09685831451416016 0.04099361419677734 -1.15900634765625
  endloop
 endfacet
 facet normal 0.9980266690254211 -0.044399674981832504 -0.0443996824324131
  outer loop
   vertex 0.09921147155761718 0.756822998046875 -1.8573905029296875
   vertex 0.1 0.7656854248046875 -1.8485281982421875
   vertex 0.09921147155761718 0.04971624755859375 -1.1502838134765625
  endloop
 endfacet
 facet normal 0.9822871685028076 -0.1324988603591919 -0.1324988603591919
  outer loop
   vertex 0.09685831451416016 0.7481004028320313 -1.8661131591796876
   vertex 0.09921147155761718 0.756822998046875 -1.8573905029296875
   vertex 0.09685831451416016 0.04099361419677734 -1.15900634765625
  endloop
 endfacet
 facet normal 0.9510564804077148 -0.2185080349445343 -0.2185080349445343
  outer loop
   vertex 0.09685831451416016 0.7481004028320313 -1.8661131591796876
   vertex 0.09685831451416016 0.04099361419677734 -1.15900634765625
   vertex 0.09297764587402343 0.03254830551147461 -1.1674516601562501
  endloop
 endfacet
 facet normal 0.9510565996170044 -0.21850793063640594 -0.21850793063640594
  outer loop
   vertex 0.09297764587402343 0.7396550903320313 -1.8745584716796875
   vertex 0.09685831451416016 0.7481004028320313 -1.8661131591796876
   vertex 0.09297764587402343 0.03254830551147461 -1.1674516601562501
  endloop
 endfacet
 facet normal 0.9048270583152771 -0.3010714054107666 -0.3010714054107666
  outer loop
   vertex 0.09297764587402343 0.7396550903320313 -1.8745584716796875
   vertex 0.09297764587402343 0.03254830551147461 -1.1674516601562501
   vertex 0.08763066864013672 0.02451351547241211 -1.1754864501953126
  endloop
 endfacet
 facet normal 0.9048271179199219 -0.3010713458061218 -0.3010713458061218
  outer loop
   vertex 0.08763066864013672 0.7316203002929688 -1.88259326171875
   vertex 0.09297764587402343 0.7396550903320313 -1.8745584716796875
   vertex 0.08763066864013672 0.02451351547241211 -1.1754864501953126
  endloop
 endfacet
 facet normal 0.844327986240387 -0.37888669967651367 -0.37888669967651367
  outer loop
   vertex 0.08763066864013672 0.7316203002929688 -1.88259326171875
   vertex 0.08763066864013672 0.02451351547241211 -1.1754864501953126
   vertex 0.08090170288085938 0.017015949249267578 -1.1829840087890626
  endloop
 endfacet
 facet normal 0.8443278074264526 -0.378886878490448 -0.378886878490448
  outer loop
   vertex 0.08090170288085938 0.7241227416992188 -1.8900908203125
   vertex 0.08763066864013672 0.7316203002929688 -1.88259326171875
   vertex 0.08090170288085938 0.017015949249267578 -1.1829840087890626
  endloop
 endfacet
 facet normal 0.7705143094062805 -0.4507259428501129 -0.4507259428501129
  outer loop
   vertex 0.08090170288085938 0.7241227416992188 -1.8900908203125
   vertex 0.08090170288085938 0.017015949249267578 -1.1829840087890626
   vertex 0.07289686584472656 0.010173853874206544 -1.189826171875
  endloop
 endfacet
 facet normal 0.7705149054527283 -0.45072540640830994 -0.45072540640830994
  outer loop
   vertex 0.07289686584472656 0.7172806396484375 -1.8969329833984376
   vertex 0.08090170288085938 0.7241227416992188 -1.8900908203125
   vertex 0.07289686584472656 0.010173853874206544 -1.189826171875
  endloop
 endfacet
 facet normal 0.6845460534095764 -0.5154593586921692 -0.5154593586921692
  outer loop
   vertex 0.07289686584472656 0.7172806396484375 -1.8969329833984376
   vertex 0.07289686584472656 0.010173853874206544 -1.189826171875
   vertex 0.06374239730834962 0.00409512996673584 -1.1959049072265626
  endloop
 endfacet
 facet normal 0.6845439672470093 -0.515460729598999 -0.5154607892036438
  outer loop
   vertex 0.06374239730834962 0.711201904296875 -1.9030115966796874
   vertex 0.07289686584472656 0.7172806396484375 -1.8969329833984376
   vertex 0.06374239730834962 0.00409512996673584 -1.1959049072265626
  endloop
 endfacet
 facet normal 0.5877854228019714 -0.5720613598823547 -0.5720613598823547
  outer loop
   vertex 0.06374239730834962 0.711201904296875 -1.9030115966796874
   vertex 0.06374239730834962 0.00409512996673584 -1.1959049072265626
   vertex 0.05358267974853516 -0.0011243563890457153 -1.2011243896484376
  endloop
 endfacet
 facet normal 0.5877850651741028 -0.5720615386962891 -0.5720615386962891
  outer loop
   vertex 0.05358267974853516 0.705982421875 -1.9082310791015626
   vertex 0.06374239730834962 0.711201904296875 -1.9030115966796874
   vertex 0.05358267974853516 -0.0011243563890457153 -1.2011243896484376
  endloop
 endfacet
 facet normal 0.48175525665283203 -0.6196417212486267 -0.6196418404579163
  outer loop
   vertex 0.05358267974853516 0.705982421875 -1.9082310791015626
   vertex 0.05358267974853516 -0.0011243563890457153 -1.2011243896484376
   vertex 0.042577930450439457 -0.00540229082107544 -1.20540234375
  endloop
 endfacet
 facet normal 0.48175540566444397 -0.6196416616439819 -0.6196417212486267
  outer loop
   vertex 0.042577930450439457 0.7017044677734375 -1.912509033203125
   vertex 0.05358267974853516 0.705982421875 -1.9082310791015626
   vertex 0.042577930450439457 -0.00540229082107544 -1.20540234375
  endloop
 endfacet
 facet normal 0.3681239187717438 -0.6574514508247375 -0.6574514508247375
  outer loop
   vertex 0.042577930450439457 0.7017044677734375 -1.912509033203125
   vertex 0.042577930450439457 -0.00540229082107544 -1.20540234375
   vertex 0.03090169906616211 -0.008671207427978516 -1.2086712646484374
  endloop
 endfacet
 facet normal 0.36812493205070496 -0.6574511528015137 -0.6574511528015137
  outer loop
   vertex 0.03090169906616211 0.698435546875 -1.9157779541015625
   vertex 0.042577930450439457 0.7017044677734375 -1.912509033203125
   vertex 0.03090169906616211 -0.008671207427978516 -1.2086712646484374
  endloop
 endfacet
 facet normal 0.248686745762825 -0.6848922371864319 -0.6848923563957214
  outer loop
   vertex 0.03090169906616211 0.698435546875 -1.9157779541015625
   vertex 0.03090169906616211 -0.008671207427978516 -1.2086712646484374
   vertex 0.018738130569458007 -0.01087955379486084 -1.2108795166015625
  endloop
 endfacet
 facet normal 0.24868954718112946 -0.6848917603492737 -0.6848917603492737
  outer loop
   vertex 0.018738130569458007 0.6962272338867188 -1.917986328125
   vertex 0.03090169906616211 0.698435546875 -1.9157779541015625
   vertex 0.018738130569458007 -0.01087955379486084 -1.2108795166015625
  endloop
 endfacet
 facet normal 0.12533733248710632 -0.7015306353569031 -0.7015306353569031
  outer loop
   vertex 0.018738130569458007 0.6962272338867188 -1.917986328125
   vertex 0.018738130569458007 -0.01087955379486084 -1.2108795166015625
   vertex 0.006279051780700684 -0.01199250316619873 -1.2119925537109375
  endloop
 endfacet
 facet normal 0.12533283233642578 -0.7015310525894165 -0.7015310525894165
  outer loop
   vertex 0.006279051780700684 0.6951142578125 -1.9190992431640626
   vertex 0.018738130569458007 0.6962272338867188 -1.917986328125
   vertex 0.006279051780700684 -0.01199250316619873 -1.2119925537109375
  endloop
 endfacet
 facet normal 0.0 -0.7071067690849304 -0.7071068286895752
  outer loop
   vertex 0.006279051780700684 0.6951142578125 -1.9190992431640626
   vertex 0.006279051780700684 -0.01199250316619873 -1.2119925537109375
   vertex -0.006279051780700684 -0.01199250316619873 -1.2119925537109375
  endloop
 endfacet
 facet normal 0.0 -0.7071067690849304 -0.7071068286895752
  outer loop
   vertex -0.006279051780700684 0.6951142578125 -1.9190992431640626
   vertex 0.006279051780700684 0.6951142578125 -1.9190992431640626
   vertex -0.006279051780700684 -0.01199250316619873 -1.2119925537109375
  endloop
 endfacet
 facet normal -0.12533490359783173 -0.701530933380127 -0.701530933380127
  outer loop
   vertex -0.006279051780700684 0.6951142578125 -1.9190992431640626
   vertex -0.006279051780700684 -0.01199250316619873 -1.2119925537109375
   vertex -0.018738130569458007 -0.01087955379486084 -1.2108795166015625
  endloop
 endfacet
 facet normal -0.12533284723758698 -0.7015310525894165 -0.7015310525894165
  outer loop
   vertex -0.018738130569458007 0.6962272338867188 -1.917986328125
   vertex -0.006279051780700684 0.6951142578125 -1.9190992431640626
   vertex -0.018738130569458007 -0.01087955379486084 -1.2108795166015625
  endloop
 endfacet
 facet normal -0.24868956208229065 -0.6848917603492737 -0.6848917603492737
  outer loop
   vertex -0.03090169906616211 0.698435546875 -1.9157779541015625
   vertex -0.018738130569458007 0.6962272338867188 -1.917986328125
   vertex -0.018738130569458007 -0.01087955379486084 -1.2108795166015625
  endloop
 endfacet
 facet normal -0.3681239187717438 -0.6574514508247375 -0.6574514508247375
  outer loop
   vertex -0.03090169906616211 0.698435546875 -1.9157779541015625
   vertex -0.03090169906616211 -0.008671207427978516 -1.2086712646484374
   vertex -0.042577930450439457 -0.00540229082107544 -1.20540234375
  endloop
 endfacet
 facet normal -0.248686745762825 -0.6848922371864319 -0.6848923563957214
  outer loop
   vertex -0.03090169906616211 0.698435546875 -1.9157779541015625
   vertex -0.018738130569458007 -0.01087955379486084 -1.2108795166015625
   vertex -0.03090169906616211 -0.008671207427978516 -1.2086712646484374
  endloop
 endfacet
 facet normal -0.36812493205070496 -0.6574511528015137 -0.6574511528015137
  outer loop
   vertex -0.042577930450439457 0.7017044677734375 -1.912509033203125
   vertex -0.03090169906616211 0.698435546875 -1.9157779541015625
   vertex -0.042577930450439457 -0.00540229082107544 -1.20540234375
  endloop
 endfacet
 facet normal -0.48175525665283203 -0.6196417212486267 -0.6196418404579163
  outer loop
   vertex -0.042577930450439457 0.7017044677734375 -1.912509033203125
   vertex -0.042577930450439457 -0.00540229082107544 -1.20540234375
   vertex -0.05358267974853516 -0.0011243563890457153 -1.2011243896484376
  endloop
 endfacet
 facet normal -0.48175540566444397 -0.6196416616439819 -0.6196417212486267
  outer loop
   vertex -0.05358267974853516 0.705982421875 -1.9082310791015626
   vertex -0.042577930450439457 0.7017044677734375 -1.912509033203125
   vertex -0.05358267974853516 -0.0011243563890457153 -1.2011243896484376
  endloop
 endfacet
 facet normal -0.5877854228019714 -0.5720613598823547 -0.5720613598823547
  outer loop
   vertex -0.05358267974853516 0.705982421875 -1.9082310791015626
   vertex -0.05358267974853516 -0.0011243563890457153 -1.2011243896484376
   vertex -0.06374239730834962 0.00409512996673584 -1.1959049072265626
  endloop
 endfacet
 facet normal -0.5877850651741028 -0.5720615386962891 -0.5720615386962891
  outer loop
   vertex -0.06374239730834962 0.711201904296875 -1.9030115966796874
   vertex -0.05358267974853516 0.705982421875 -1.9082310791015626
   vertex -0.06374239730834962 0.00409512996673584 -1.1959049072265626
  endloop
 endfacet
 facet normal -0.6845439672470093 -0.515460729598999 -0.5154607892036438
  outer loop
   vertex -0.07289686584472656 0.7172806396484375 -1.8969329833984376
   vertex -0.06374239730834962 0.711201904296875 -1.9030115966796874
   vertex -0.06374239730834962 0.00409512996673584 -1.1959049072265626
  endloop
 endfacet
 facet normal -0.7705153226852417 -0.45072507858276367 -0.45072507858276367
  outer loop
   vertex -0.07289686584472656 0.7172806396484375 -1.8969329833984376
   vertex -0.07289686584472656 0.010173853874206544 -1.189826171875
   vertex -0.08090170288085938 0.017015949249267578 -1.1829840087890626
  endloop
 endfacet
 facet normal -0.6845460534095764 -0.5154593586921692 -0.5154593586921692
  outer loop
   vertex -0.07289686584472656 0.7172806396484375 -1.8969329833984376
   vertex -0.06374239730834962 0.00409512996673584 -1.1959049072265626
   vertex -0.07289686584472656 0.010173853874206544 -1.189826171875
  endloop
 endfacet
 facet normal -0.844327986240387 -0.37888669967651367 -0.37888669967651367
  outer loop
   vertex -0.08090170288085938 0.7241227416992188 -1.8900908203125
   vertex -0.08090170288085938 0.017015949249267578 -1.1829840087890626
   vertex -0.08763066864013672 0.02451351547241211 -1.1754864501953126
  endloop
 endfacet
 facet normal -0.7705149054527283 -0.45072540640830994 -0.45072540640830994
  outer loop
   vertex -0.08090170288085938 0.7241227416992188 -1.8900908203125
   vertex -0.07289686584472656 0.7172806396484375 -1.8969329833984376
   vertex -0.08090170288085938 0.017015949249267578 -1.1829840087890626
  endloop
 endfacet
 facet normal -0.8443278074264526 -0.378886878490448 -0.378886878490448
  outer loop
   vertex -0.08763066864013672 0.7316203002929688 -1.88259326171875
   vertex -0.08090170288085938 0.7241227416992188 -1.8900908203125
   vertex -0.08763066864013672 0.02451351547241211 -1.1754864501953126
  endloop
 endfacet
 facet normal -0.9510564804077148 -0.2185080349445343 -0.2185080349445343
  outer loop
   vertex -0.09297764587402343 0.7396550903320313 -1.8745584716796875
   vertex -0.09297764587402343 0.03254830551147461 -1.1674516601562501
   vertex -0.09685831451416016 0.04099361419677734 -1.15900634765625
  endloop
 endfacet
 facet normal -0.9048270583152771 -0.3010714054107666 -0.3010714054107666
  outer loop
   vertex -0.09297764587402343 0.7396550903320313 -1.8745584716796875
   vertex -0.08763066864013672 0.02451351547241211 -1.1754864501953126
   vertex -0.09297764587402343 0.03254830551147461 -1.1674516601562501
  endloop
 endfacet
 facet normal -0.9048270583152771 -0.30107131600379944 -0.30107131600379944
  outer loop
   vertex -0.09297764587402343 0.7396550903320313 -1.8745584716796875
   vertex -0.08763066864013672 0.7316203002929688 -1.88259326171875
   vertex -0.08763066864013672 0.02451351547241211 -1.1754864501953126
  endloop
 endfacet
 facet normal -0.9510565996170044 -0.21850793063640594 -0.21850793063640594
  outer loop
   vertex -0.09685831451416016 0.7481004028320313 -1.8661131591796876
   vertex -0.09297764587402343 0.7396550903320313 -1.8745584716796875
   vertex -0.09685831451416016 0.04099361419677734 -1.15900634765625
  endloop
 endfacet
 facet normal -0.9822871685028076 -0.1324988603591919 -0.1324988603591919
  outer loop
   vertex -0.09921147155761718 0.756822998046875 -1.8573905029296875
   vertex -0.09685831451416016 0.7481004028320313 -1.8661131591796876
   vertex -0.09685831451416016 0.04099361419677734 -1.15900634765625
  endloop
 endfacet
 facet normal -0.9822869896888733 -0.13249948620796204 -0.13249950110912323
  outer loop
   vertex -0.09921147155761718 0.756822998046875 -1.8573905029296875
   vertex -0.09685831451416016 0.04099361419677734 -1.15900634765625
   vertex -0.09921147155761718 0.04971624755859375 -1.1502838134765625
  endloop
 endfacet
 facet normal -0.9980266690254211 -0.044399674981832504 -0.0443996824324131
  outer loop
   vertex -0.1 0.7656854248046875 -1.8485281982421875
   vertex -0.09921147155761718 0.756822998046875 -1.8573905029296875
   vertex -0.09921147155761718 0.04971624755859375 -1.1502838134765625
  endloop
 endfacet
 facet normal -0.9980266690254211 0.0443994514644146 0.0443994514644146
  outer loop
   vertex -0.1 0.7656854248046875 -1.8485281982421875
   vertex -0.1 0.05857864379882813 -1.14142138671875
   vertex -0.09921147155761718 0.0674410400390625 -1.1325589599609376
  endloop
 endfacet
 facet normal -0.9980266690254211 -0.04439955949783325 -0.04439955949783325
  outer loop
   vertex -0.1 0.7656854248046875 -1.8485281982421875
   vertex -0.09921147155761718 0.04971624755859375 -1.1502838134765625
   vertex -0.1 0.05857864379882813 -1.14142138671875
  endloop
 endfacet
 facet normal -0.9980266690254211 0.04439937695860863 0.04439937695860863
  outer loop
   vertex -0.09921147155761718 0.7745478515625001 -1.839665771484375
   vertex -0.1 0.7656854248046875 -1.8485281982421875
   vertex -0.09921147155761718 0.0674410400390625 -1.1325589599609376
  endloop
 endfacet
 facet normal -0.9822874069213867 0.13249821960926056 0.13249821960926056
  outer loop
   vertex -0.09921147155761718 0.7745478515625001 -1.839665771484375
   vertex -0.09921147155761718 0.0674410400390625 -1.1325589599609376
   vertex -0.09685831451416016 0.07616367340087891 -1.1238363037109376
  endloop
 endfacet
 facet normal -0.9822871685028076 0.1324988603591919 0.1324988454580307
  outer loop
   vertex -0.09685831451416016 0.7832704467773438 -1.8309431152343751
   vertex -0.09921147155761718 0.7745478515625001 -1.839665771484375
   vertex -0.09685831451416016 0.07616367340087891 -1.1238363037109376
  endloop
 endfacet
 facet normal -0.9510565400123596 0.21850793063640594 0.21850793063640594
  outer loop
   vertex -0.09297764587402343 0.7917157592773437 -1.822497802734375
   vertex -0.09685831451416016 0.7832704467773438 -1.8309431152343751
   vertex -0.09685831451416016 0.07616367340087891 -1.1238363037109376
  endloop
 endfacet
 facet normal -0.9048279523849487 0.30107003450393677 0.30107003450393677
  outer loop
   vertex -0.09297764587402343 0.7917157592773437 -1.822497802734375
   vertex -0.09297764587402343 0.08460897827148438 -1.1153909912109374
   vertex -0.08763066864013672 0.09264377593994141 -1.107356201171875
  endloop
 endfacet
 facet normal -0.9510563015937805 0.2185085564851761 0.2185085564851761
  outer loop
   vertex -0.09297764587402343 0.7917157592773437 -1.822497802734375
   vertex -0.09685831451416016 0.07616367340087891 -1.1238363037109376
   vertex -0.09297764587402343 0.08460897827148438 -1.1153909912109374
  endloop
 endfacet
 facet normal -0.9048270583152771 0.3010713458061218 0.3010713458061218
  outer loop
   vertex -0.08763066864013672 0.7997505493164062 -1.8144630126953125
   vertex -0.09297764587402343 0.7917157592773437 -1.822497802734375
   vertex -0.08763066864013672 0.09264377593994141 -1.107356201171875
  endloop
 endfacet
 facet normal -0.8443278670310974 0.3788869082927704 0.3788869082927704
  outer loop
   vertex -0.08090170288085938 0.8072481079101562 -1.8069654541015625
   vertex -0.08763066864013672 0.7997505493164062 -1.8144630126953125
   vertex -0.08763066864013672 0.09264377593994141 -1.107356201171875
  endloop
 endfacet
 facet normal -0.7705122828483582 0.4507276713848114 0.4507276117801666
  outer loop
   vertex -0.08090170288085938 0.8072481079101562 -1.8069654541015625
   vertex -0.08090170288085938 0.10014133453369141 -1.099858642578125
   vertex -0.07289686584472656 0.10698343658447265 -1.0930166015625
  endloop
 endfacet
 facet normal -0.8443273305892944 0.3788875341415405 0.37888747453689575
  outer loop
   vertex -0.08090170288085938 0.8072481079101562 -1.8069654541015625
   vertex -0.08763066864013672 0.09264377593994141 -1.107356201171875
   vertex -0.08090170288085938 0.10014133453369141 -1.099858642578125
  endloop
 endfacet
 facet normal -0.7705148458480835 0.45072537660598755 0.45072540640830994
  outer loop
   vertex -0.07289686584472656 0.8140902099609375 -1.800123291015625
   vertex -0.08090170288085938 0.8072481079101562 -1.8069654541015625
   vertex -0.07289686584472656 0.10698343658447265 -1.0930166015625
  endloop
 endfacet
 facet normal -0.6845439672470093 0.515460729598999 0.5154607892036438
  outer loop
   vertex -0.06374239730834962 0.8201689453125001 -1.794044677734375
   vertex -0.07289686584472656 0.8140902099609375 -1.800123291015625
   vertex -0.07289686584472656 0.10698343658447265 -1.0930166015625
  endloop
 endfacet
 facet normal -0.6845460534095764 0.5154593586921692 0.5154593586921692
  outer loop
   vertex -0.06374239730834962 0.8201689453125001 -1.794044677734375
   vertex -0.07289686584472656 0.10698343658447265 -1.0930166015625
   vertex -0.06374239730834962 0.11306215667724609 -1.0869378662109375
  endloop
 endfacet
 facet normal -0.587785005569458 0.5720614790916443 0.5720615386962891
  outer loop
   vertex -0.05358267974853516 0.825388427734375 -1.7888251953125
   vertex -0.06374239730834962 0.8201689453125001 -1.794044677734375
   vertex -0.06374239730834962 0.11306215667724609 -1.0869378662109375
  endloop
 endfacet
 facet normal -0.5877853035926819 0.57206130027771 0.57206130027771
  outer loop
   vertex -0.05358267974853516 0.825388427734375 -1.7888251953125
   vertex -0.06374239730834962 0.11306215667724609 -1.0869378662109375
   vertex -0.05358267974853516 0.11828164672851563 -1.0817183837890625
  endloop
 endfacet
 facet normal -0.48175546526908875 0.6196417212486267 0.6196417212486267
  outer loop
   vertex -0.042577930450439457 0.8296663818359375 -1.7845472412109376
   vertex -0.05358267974853516 0.825388427734375 -1.7888251953125
   vertex -0.05358267974853516 0.11828164672851563 -1.0817183837890625
  endloop
 endfacet
 facet normal -0.3681260347366333 0.6574508547782898 0.6574508547782898
  outer loop
   vertex -0.042577930450439457 0.8296663818359375 -1.7845472412109376
   vertex -0.042577930450439457 0.12255957794189454 -1.0774404296875
   vertex -0.03090169906616211 0.1258284912109375 -1.0741715087890624
  endloop
 endfacet
 facet normal -0.48175522685050964 0.6196417808532715 0.6196417808532715
  outer loop
   vertex -0.042577930450439457 0.8296663818359375 -1.7845472412109376
   vertex -0.05358267974853516 0.11828164672851563 -1.0817183837890625
   vertex -0.042577930450439457 0.12255957794189454 -1.0774404296875
  endloop
 endfacet
 facet normal -0.36812493205070496 0.6574511528015137 0.6574511528015137
  outer loop
   vertex -0.03090169906616211 0.832935302734375 -1.7812783203125
   vertex -0.042577930450439457 0.8296663818359375 -1.7845472412109376
   vertex -0.03090169906616211 0.1258284912109375 -1.0741715087890624
  endloop
 endfacet
 facet normal -0.2486913800239563 0.6848914623260498 0.6848914623260498
  outer loop
   vertex -0.03090169906616211 0.832935302734375 -1.7812783203125
   vertex -0.03090169906616211 0.1258284912109375 -1.0741715087890624
   vertex -0.018738130569458007 0.1280368347167969 -1.071963134765625
  endloop
 endfacet
 facet normal -0.24868954718112946 0.6848917603492737 0.6848917603492737
  outer loop
   vertex -0.018738130569458007 0.8351436157226563 -1.7790699462890625
   vertex -0.03090169906616211 0.832935302734375 -1.7812783203125
   vertex -0.018738130569458007 0.1280368347167969 -1.071963134765625
  endloop
 endfacet
 facet normal -0.12533283233642578 0.7015310525894165 0.7015310525894165
  outer loop
   vertex -0.006279051780700684 0.8362565917968751 -1.77795703125
   vertex -0.018738130569458007 0.8351436157226563 -1.7790699462890625
   vertex -0.018738130569458007 0.1280368347167969 -1.071963134765625
  endloop
 endfacet
 facet normal 0.0 0.7071067690849304 0.7071067690849304
  outer loop
   vertex -0.006279051780700684 0.8362565917968751 -1.77795703125
   vertex -0.006279051780700684 0.12914979553222655 -1.0708502197265626
   vertex 0.006279051780700684 0.12914979553222655 -1.0708502197265626
  endloop
 endfacet
 facet normal -0.12532998621463776 0.7015312910079956 0.7015312910079956
  outer loop
   vertex -0.006279051780700684 0.8362565917968751 -1.77795703125
   vertex -0.018738130569458007 0.1280368347167969 -1.071963134765625
   vertex -0.006279051780700684 0.12914979553222655 -1.0708502197265626
  endloop
 endfacet
 facet normal 0.0 0.7071067690849304 0.7071067690849304
  outer loop
   vertex 0.006279051780700684 0.8362565917968751 -1.77795703125
   vertex -0.006279051780700684 0.8362565917968751 -1.77795703125
   vertex 0.006279051780700684 0.12914979553222655 -1.0708502197265626
  endloop
 endfacet
 facet normal 0.12533284723758698 0.7015310525894165 0.7015310525894165
  outer loop
   vertex 0.018738130569458007 0.8351436157226563 -1.7790699462890625
   vertex 0.006279051780700684 0.8362565917968751 -1.77795703125
   vertex 0.006279051780700684 0.12914979553222655 -1.0708502197265626
  endloop
 endfacet
 facet normal 0.24868904054164886 0.6848918795585632 0.6848918795585632
  outer loop
   vertex 0.018738130569458007 0.8351436157226563 -1.7790699462890625
   vertex 0.018738130569458007 0.1280368347167969 -1.071963134765625
   vertex 0.03090169906616211 0.1258284912109375 -1.0741715087890624
  endloop
 endfacet
 facet normal 0.12533243000507355 0.7015311121940613 0.7015311121940613
  outer loop
   vertex 0.018738130569458007 0.8351436157226563 -1.7790699462890625
   vertex 0.006279051780700684 0.12914979553222655 -1.0708502197265626
   vertex 0.018738130569458007 0.1280368347167969 -1.071963134765625
  endloop
 endfacet
 facet normal 0.24868954718112946 0.6848917603492737 0.6848917603492737
  outer loop
   vertex 0.03090169906616211 0.832935302734375 -1.7812783203125
   vertex 0.018738130569458007 0.8351436157226563 -1.7790699462890625
   vertex 0.03090169906616211 0.1258284912109375 -1.0741715087890624
  endloop
 endfacet
 facet normal 0.48175522685050964 0.6196417808532715 0.6196417808532715
  outer loop
   vertex 0.042577930450439457 0.8296663818359375 -1.7845472412109376
   vertex 0.042577930450439457 0.12255957794189454 -1.0774404296875
   vertex 0.05358267974853516 0.11828164672851563 -1.0817183837890625
  endloop
 endfacet
 facet normal 0.3681260347366333 0.6574508547782898 0.6574508547782898
  outer loop
   vertex 0.042577930450439457 0.8296663818359375 -1.7845472412109376
   vertex 0.03090169906616211 0.1258284912109375 -1.0741715087890624
   vertex 0.042577930450439457 0.12255957794189454 -1.0774404296875
  endloop
 endfacet
 facet normal 0.3681248724460602 0.6574511528015137 0.6574511528015137
  outer loop
   vertex 0.042577930450439457 0.8296663818359375 -1.7845472412109376
   vertex 0.03090169906616211 0.832935302734375 -1.7812783203125
   vertex 0.03090169906616211 0.1258284912109375 -1.0741715087890624
  endloop
 endfacet
 facet normal 0.5877853035926819 0.57206130027771 0.57206130027771
  outer loop
   vertex 0.05358267974853516 0.825388427734375 -1.7888251953125
   vertex 0.05358267974853516 0.11828164672851563 -1.0817183837890625
   vertex 0.06374239730834962 0.11306215667724609 -1.0869378662109375
  endloop
 endfacet
 facet normal 0.48175540566444397 0.6196417212486267 0.6196417212486267
  outer loop
   vertex 0.05358267974853516 0.825388427734375 -1.7888251953125
   vertex 0.042577930450439457 0.8296663818359375 -1.7845472412109376
   vertex 0.05358267974853516 0.11828164672851563 -1.0817183837890625
  endloop
 endfacet
 facet normal 0.5877850651741028 0.5720614790916443 0.5720614790916443
  outer loop
   vertex 0.06374239730834962 0.8201689453125001 -1.794044677734375
   vertex 0.05358267974853516 0.825388427734375 -1.7888251953125
   vertex 0.06374239730834962 0.11306215667724609 -1.0869378662109375
  endloop
 endfacet
 facet normal 0.6845447421073914 0.515460193157196 0.515460193157196
  outer loop
   vertex 0.07289686584472656 0.8140902099609375 -1.800123291015625
   vertex 0.06374239730834962 0.11306215667724609 -1.0869378662109375
   vertex 0.07289686584472656 0.10698343658447265 -1.0930166015625
  endloop
 endfacet
 facet normal 0.6845439672470093 0.515460729598999 0.515460729598999
  outer loop
   vertex 0.07289686584472656 0.8140902099609375 -1.800123291015625
   vertex 0.06374239730834962 0.8201689453125001 -1.794044677734375
   vertex 0.06374239730834962 0.11306215667724609 -1.0869378662109375
  endloop
 endfacet
 facet normal 0.7705122828483582 0.4507276713848114 0.4507276117801666
  outer loop
   vertex 0.08090170288085938 0.8072481079101562 -1.8069654541015625
   vertex 0.07289686584472656 0.10698343658447265 -1.0930166015625
   vertex 0.08090170288085938 0.10014133453369141 -1.099858642578125
  endloop
 endfacet
 facet normal 0.7705148458480835 0.45072537660598755 0.45072540640830994
  outer loop
   vertex 0.08090170288085938 0.8072481079101562 -1.8069654541015625
   vertex 0.07289686584472656 0.8140902099609375 -1.800123291015625
   vertex 0.07289686584472656 0.10698343658447265 -1.0930166015625
  endloop
 endfacet
 facet normal 0.8443273305892944 0.3788875341415405 0.37888747453689575
  outer loop
   vertex 0.08763066864013672 0.7997505493164062 -1.8144630126953125
   vertex 0.08090170288085938 0.10014133453369141 -1.099858642578125
   vertex 0.08763066864013672 0.09264377593994141 -1.107356201171875
  endloop
 endfacet
 facet normal 0.8443278074264526 0.3788869082927704 0.378886878490448
  outer loop
   vertex 0.08763066864013672 0.7997505493164062 -1.8144630126953125
   vertex 0.08090170288085938 0.8072481079101562 -1.8069654541015625
   vertex 0.08090170288085938 0.10014133453369141 -1.099858642578125
  endloop
 endfacet
 facet normal 0.9048279523849487 0.30107003450393677 0.30107003450393677
  outer loop
   vertex 0.09297764587402343 0.7917157592773437 -1.822497802734375
   vertex 0.08763066864013672 0.09264377593994141 -1.107356201171875
   vertex 0.09297764587402343 0.08460897827148438 -1.1153909912109374
  endloop
 endfacet
 facet normal 0.9048271179199219 0.3010713458061218 0.3010713458061218
  outer loop
   vertex 0.09297764587402343 0.7917157592773437 -1.822497802734375
   vertex 0.08763066864013672 0.7997505493164062 -1.8144630126953125
   vertex 0.08763066864013672 0.09264377593994141 -1.107356201171875
  endloop
 endfacet
 facet normal 0.9510563015937805 0.2185085564851761 0.2185085415840149
  outer loop
   vertex 0.09685831451416016 0.7832704467773438 -1.8309431152343751
   vertex 0.09297764587402343 0.08460897827148438 -1.1153909912109374
   vertex 0.09685831451416016 0.07616367340087891 -1.1238363037109376
  endloop
 endfacet
 facet normal 0.9510565400123596 0.21850791573524475 0.21850790083408356
  outer loop
   vertex 0.09685831451416016 0.7832704467773438 -1.8309431152343751
   vertex 0.09297764587402343 0.7917157592773437 -1.822497802734375
   vertex 0.09297764587402343 0.08460897827148438 -1.1153909912109374
  endloop
 endfacet
 facet normal 0.9822874069213867 0.13249821960926056 0.13249821960926056
  outer loop
   vertex 0.09921147155761718 0.7745478515625001 -1.839665771484375
   vertex 0.09685831451416016 0.07616367340087891 -1.1238363037109376
   vertex 0.09921147155761718 0.0674410400390625 -1.1325589599609376
  endloop
 endfacet
 facet normal 0.9822871685028076 0.1324988603591919 0.1324988454580307
  outer loop
   vertex 0.09921147155761718 0.7745478515625001 -1.839665771484375
   vertex 0.09685831451416016 0.7832704467773438 -1.8309431152343751
   vertex 0.09685831451416016 0.07616367340087891 -1.1238363037109376
  endloop
 endfacet
 facet normal 0.9980266690254211 0.04439937323331833 0.04439937323331833
  outer loop
   vertex 0.1 0.7656854248046875 -1.8485281982421875
   vertex 0.09921147155761718 0.7745478515625001 -1.839665771484375
   vertex 0.09921147155761718 0.0674410400390625 -1.1325589599609376
  endloop
 endfacet
 facet normal 0.9980266690254211 0.0443994514644146 0.0443994514644146
  outer loop
   vertex 0.1 0.7656854248046875 -1.8485281982421875
   vertex 0.09921147155761718 0.0674410400390625 -1.1325589599609376
   vertex 0.1 0.05857864379882813 -1.14142138671875
  endloop
 endfacet
endsolid patch_0_1
